,Country Code,log_gdp data,log_population data,democracy index data,log_population density,Net Trade Status,Price Control in previous year,Tax Reduction in previous year,No subsidy in previous year,Some subsidy in previous year,Price freezes in previous year,Actual Price Control,Actual Tax Reduction,Actual No subsidy,Actual Some subsidy,Actual Price freezes,Predicted Price Control,Predicted Tax Reduction,Predicted No subsidy,Predicted Some subsidy,Predicted Price freezes,Probability predicted Price Control,Probability predicted Tax Reduction,Probability predicted No subsidy,Probability predicted Some subsidy,Probability predicted Price freezes
0,ALB,3.8070803915420126,6.448963729231081,6.11,2.0112131664106934,1,0,0,0,1,0,1,0,0,1,0,1,0,0,1,0,0.69,0.04,0.2,0.82,0.0
1,DZA,3.619151712936137,7.650900741032725,3.77,1.2740063905729,2,1,0,0,0,1,1,0,0,0,1,1,0,0,0,1,0.98,0.02,0.01,0.0,0.99
2,AGO,3.2846280190892383,7.538227127558692,3.37,1.442465168081191,1,1,0,0,0,1,1,0,0,0,1,1,0,0,0,1,1.0,0.03,0.0,0.0,0.96
3,ARG,4.030924124489035,7.656215924919839,6.81,1.21899031965963,1,1,0,1,0,0,1,1,1,0,0,1,1,1,0,0,0.91,0.79,0.95,0.05,0.0
4,ARM,3.67072627804873,6.471629038569735,5.49,2.0214247480572314,1,0,0,1,0,0,0,0,1,0,0,0,0,1,0,0,0.01,0.02,0.93,0.04,0.0
5,AUS,4.78252836838063,7.409686536301022,8.9,0.5236461315252262,1,0,0,1,0,0,0,1,1,0,0,0,1,1,0,0,0.0,0.8,0.98,0.04,0.0
6,AUT,4.729559357138184,6.952104240916484,8.07,2.03554502161537,1,0,0,1,0,0,0,0,1,0,0,0,0,1,0,0,0.0,0.05,0.99,0.03,0.0
7,AZE,3.733040324932893,7.005941577185352,2.68,2.088698719277885,2,1,0,0,0,1,1,0,0,0,1,1,0,0,0,1,1.0,0.0,0.0,0.01,0.98
8,BHS,4.4824141968288505,5.598104063698266,9.1,1.597669986218948,1,1,0,1,0,0,1,1,1,0,0,1,1,1,0,0,0.99,0.6,0.95,0.03,0.0
9,BHR,4.433734775239163,6.17735322073302,2.52,3.279726129442579,2,1,0,0,0,1,1,0,0,0,1,1,0,0,0,1,1.0,0.0,0.0,0.0,1.0
10,BGD,3.394950338981285,8.224426493296052,5.99,3.1099155884471785,1,1,0,0,0,1,1,0,0,0,1,1,0,0,0,1,0.98,0.0,0.0,0.02,0.85
11,BRB,4.271766954776603,5.450475436883671,9.5,2.817006981304084,1,1,0,1,0,0,1,1,1,0,0,1,1,1,0,0,0.99,0.74,0.94,0.02,0.0
12,BEL,4.713139591310306,7.063940833563289,7.51,2.5797264376010927,2,1,0,1,0,0,1,1,1,0,0,1,1,1,0,0,1.0,0.73,0.88,0.11,0.0
13,BLZ,3.786936708971261,5.596977349085928,8.7,1.2388520638092793,1,1,0,1,0,0,1,1,0,1,0,1,1,0,1,0,1.0,0.81,0.29,0.68,0.0
14,BEN,3.120130059833324,7.127539426263969,4.19,2.075384359064404,1,1,0,0,0,1,1,0,0,0,1,1,0,0,0,1,1.0,0.0,0.0,0.01,0.98
15,BTN,3.552742730736347,5.889549319851818,5.71,1.3081686311418306,1,1,0,1,0,0,1,0,1,0,0,1,0,1,0,0,1.0,0.1,1.0,0.01,0.0
16,BOL,3.5295387687432958,7.076908291265394,4.65,1.0421595481189052,1,1,0,0,0,1,1,1,0,0,1,1,1,0,0,1,1.0,0.79,0.02,0.02,0.98
17,BIH,3.863045764685778,6.511202254305696,5.04,1.8019322933298647,1,0,0,1,0,0,0,0,1,0,0,0,0,1,0,0,0.0,0.03,0.99,0.0,0.0
18,BWA,3.892533571920824,6.380471921106484,7.73,0.6270957183650966,1,1,0,0,1,0,1,0,0,1,0,1,0,0,1,0,1.0,0.01,0.2,0.82,0.01
19,BRA,3.901596524377508,8.321288274487392,6.86,1.399178633126273,1,0,0,0,1,0,0,1,0,1,0,0,1,0,1,0,0.22,0.79,0.08,0.97,0.0
20,BGR,4.113014216200535,6.813400895809569,6.64,1.777731061157889,2,0,0,1,0,0,0,1,0,1,0,0,1,0,1,0,0.02,0.63,0.2,0.63,0.0
21,BFA,2.9520827038356487,7.342328764356807,3.84,1.9052126713087287,1,1,0,0,0,1,1,0,0,0,1,1,0,0,0,1,1.0,0.0,0.0,0.0,0.98
22,BDI,2.3305993345542486,7.112788633081529,2.13,2.703193613684713,1,1,0,0,0,1,1,0,0,0,1,1,0,0,0,1,1.0,0.01,0.0,0.0,1.0
23,CPV,3.598948453152077,5.713195593127354,7.65,2.107890546986244,1,1,0,1,0,0,1,1,0,1,0,1,1,0,1,0,1.0,0.69,0.3,0.65,0.0
24,KHM,3.335939718646539,7.2297920014595185,2.9,1.9829980826843632,1,1,0,0,1,0,1,0,0,1,0,1,0,0,1,0,1.0,0.04,0.01,0.97,0.03
25,CMR,3.2233210907945007,7.430006614899685,2.56,1.7554118251652462,1,1,0,0,0,1,1,0,0,0,1,1,0,0,0,1,1.0,0.0,0.0,0.04,0.98
26,CAN,4.7233461539301205,7.582516339039351,8.87,0.6385916988438697,2,0,0,1,0,0,0,1,1,0,0,0,1,1,0,0,0.0,0.91,0.94,0.08,0.0
27,CAF,2.6921973201023217,6.708599340655707,1.43,0.9141252362582732,1,1,0,0,0,1,1,0,0,0,1,1,0,0,0,1,1.0,0.0,0.0,0.0,1.0
28,TCD,2.976055687319712,7.251109275710627,1.67,1.151014560695638,2,1,0,0,0,1,1,0,0,0,1,1,0,0,0,1,1.0,0.0,0.0,0.01,1.0
29,CHL,4.209698144968356,7.289061013036304,7.92,1.4181706193353336,1,0,1,0,1,0,0,1,0,1,0,0,1,0,1,0,0.0,0.89,0.07,0.98,0.0
30,CHN,4.110166512266044,9.149945409241337,2.21,2.1773626136981243,1,1,0,1,0,0,1,0,1,0,0,1,0,1,0,0,1.0,0.01,0.99,0.02,0.0
31,COL,3.7939733952430608,7.709169629058387,6.48,1.66404232249036,1,1,0,0,1,0,1,0,0,1,0,1,0,0,1,0,1.0,0.05,0.01,0.93,0.02
32,COD,2.7466607206757088,7.996288040487819,1.4,1.6408269418502153,1,1,0,0,0,1,1,0,0,0,1,1,0,0,0,1,1.0,0.04,0.0,0.0,1.0
33,COG,3.400738694372301,6.770276226740856,2.79,1.236885518723305,1,1,0,0,0,1,1,0,0,0,1,1,0,0,0,1,1.0,0.0,0.0,0.0,1.0
34,CRI,4.10850138126024,6.70414948689119,8.07,1.9960686764229585,1,1,0,0,1,0,1,1,0,1,0,1,1,0,1,0,0.98,0.67,0.01,0.95,0.01
35,CIV,3.3902250515384136,7.471874331080103,4.22,1.969447211095671,2,1,0,0,1,0,1,0,0,0,1,1,0,0,0,1,0.98,0.04,0.04,0.27,0.74
36,HRV,4.250174250784346,6.588717652346804,6.5,1.8408399465270144,1,1,0,1,0,0,1,1,0,1,0,1,1,0,1,0,0.95,0.79,0.29,0.6,0.02
37,CYP,4.528068293198625,6.119687658981862,7.43,2.154015687761755,1,0,0,1,0,0,0,1,1,0,0,0,1,1,0,0,0.05,0.72,0.99,0.03,0.0
38,CZE,4.442424294243732,7.021427971356073,7.74,2.1338847661791087,1,0,0,1,0,0,0,1,1,0,0,0,1,1,0,0,0.01,0.79,0.94,0.06,0.0
39,DNK,4.8434071298870345,6.767655425620964,9.09,2.1655954342930017,2,0,0,1,0,0,0,0,1,0,0,0,0,1,0,0,0.0,0.05,1.0,0.01,0.0
40,DMA,3.92305762284349,4.827382198292495,9.3,1.9523209349007955,1,1,0,0,1,0,1,1,0,1,0,1,1,0,1,0,0.99,0.75,0.04,0.67,0.12
41,DOM,3.930800107586349,7.0462405221133215,6.45,2.363211324553654,1,1,0,0,1,0,1,0,0,0,1,1,0,0,0,1,0.89,0.07,0.03,0.28,0.65
42,ECU,3.782567463568627,7.247542536961064,5.71,1.8524608857871188,1,1,0,0,1,0,1,0,0,0,1,1,0,0,0,1,0.98,0.16,0.12,0.14,0.69
43,EGY,3.582898650335314,8.045154737299104,2.93,2.047135286365545,1,1,0,0,0,1,1,0,0,0,1,1,0,0,0,1,1.0,0.0,0.0,0.1,0.8
44,SLV,3.666761962203199,6.796281606124896,5.72,2.4798918550517,1,1,0,0,1,0,1,1,0,1,0,1,1,0,1,0,1.0,0.66,0.02,0.96,0.01
45,GNQ,3.841711687971535,6.245212999961686,1.92,1.7972801343695062,1,1,0,0,0,1,1,0,0,0,1,1,0,0,0,1,1.0,0.0,0.0,0.01,0.98
46,EST,4.446440341276822,6.124155867060564,7.84,1.4932197479963725,1,0,1,1,0,0,0,1,1,0,0,0,1,1,0,0,0.02,0.99,1.0,0.0,0.0
47,ETH,2.9594935328420067,8.086852894967583,3.3,2.034349176442536,1,1,0,0,1,0,1,0,0,1,0,1,0,0,1,0,0.99,0.0,0.04,0.96,0.03
48,FJI,3.671743905985515,5.9622324426630975,5.61,1.70049389531056,1,1,0,1,0,0,1,1,1,0,0,1,1,1,0,0,0.96,0.72,1.0,0.01,0.0
49,FIN,4.7250874475037286,6.743589482589947,9.27,1.2607906212030535,2,0,0,1,0,0,0,0,0,1,0,0,0,0,1,0,0.0,0.11,0.33,0.63,0.0
50,FRA,4.640730810914728,7.831503834185227,7.99,2.099955357924897,1,0,0,1,0,0,0,0,0,1,0,0,0,0,1,0,0.0,0.26,0.25,0.78,0.0
51,GAB,3.912828111691358,6.375978386218428,3.4,0.964914528757504,1,1,0,0,1,0,1,0,0,0,1,1,0,0,0,1,0.98,0.09,0.11,0.28,0.7
52,GMB,2.893146172623832,6.410947544610286,4.41,2.405767032106505,1,1,0,0,0,0,1,1,0,1,0,1,1,0,1,0,0.91,0.64,0.09,0.76,0.1
53,GEO,3.706171965182465,6.569211165020867,5.12,1.7272888533414164,1,0,1,0,1,0,0,0,1,0,0,0,0,1,0,0,0.06,0.08,0.83,0.14,0.02
54,DEU,4.718216390438246,7.920102853416858,8.67,2.376792382669685,2,0,1,1,0,0,0,1,1,0,0,0,1,1,0,0,0.0,0.98,1.0,0.01,0.0
55,GHA,3.388312011615885,7.51213270804644,6.5,2.1550883150596385,1,0,0,0,1,0,0,0,0,1,0,0,0,0,1,0,0.04,0.05,0.01,0.98,0.01
56,GRC,4.3150188955540765,7.024042403727133,7.56,1.91378948637373,2,0,0,1,0,0,0,0,0,1,0,0,0,0,1,0,0.04,0.15,0.37,0.66,0.0
57,GRD,3.983276207743479,5.067026196218923,8.9,2.535547279176668,1,1,0,0,1,0,1,1,0,0,1,1,1,0,0,1,1.0,0.88,0.01,0.43,0.64
58,GTM,3.6913133715202497,7.245479354175652,4.62,2.215446649239481,1,0,0,0,1,0,0,0,0,1,0,0,0,0,1,0,0.02,0.0,0.12,0.9,0.03
59,GUY,3.993915239885453,5.911414379371453,6.25,0.5868438621526173,1,0,1,1,0,0,0,1,1,0,0,0,1,1,0,0,0.02,0.94,0.97,0.0,0.0
60,HTI,3.263741124563489,7.055935598631347,3.48,2.6156563853957584,1,1,0,0,1,0,1,0,0,1,0,1,0,0,1,0,1.0,0.02,0.02,0.93,0.02
61,HND,3.436980754157613,7.012410183456258,5.1,1.963618909607848,1,1,0,0,1,0,1,1,0,1,0,1,1,0,1,0,1.0,0.78,0.01,0.94,0.05
62,HUN,4.279453122970877,6.983668316498549,6.5,2.0233878520619077,1,1,0,0,1,0,1,0,0,1,0,1,0,0,1,0,0.84,0.03,0.25,0.8,0.03
63,ISL,4.839970542649852,5.571149594282884,9.18,0.5675598270937441,1,0,1,1,0,0,0,1,1,0,0,0,1,1,0,0,0.02,0.93,0.99,0.0,0.0
64,IND,3.350173143325984,9.15051202935046,6.91,2.6772893659191705,2,0,0,0,1,0,1,0,0,1,0,1,0,0,1,0,0.7,0.0,0.02,0.94,0.0
65,IDN,3.632171023097037,8.442100266669387,6.71,2.165051649323237,1,1,0,0,1,0,1,0,0,1,0,1,0,0,1,0,0.96,0.02,0.03,0.98,0.0
66,IRN,3.6369683319522506,7.946724782798923,1.95,1.736540077326516,2,1,0,0,0,1,1,0,0,0,1,1,0,0,0,1,1.0,0.01,0.0,0.0,0.99
67,IRL,5.016874526985407,6.7084706159332095,9.0,1.870314431181062,1,0,0,1,0,0,0,1,1,0,0,0,1,1,0,0,0.02,0.73,0.99,0.05,0.0
68,ISR,4.718260011276716,6.971804475290843,7.97,2.636547218856311,2,1,0,1,0,0,1,1,0,1,0,1,1,0,1,0,0.99,0.8,0.39,0.64,0.0
69,ITA,4.566467456201838,7.771831183234168,7.68,2.300954891531948,2,0,0,1,0,0,0,1,1,0,0,0,1,1,0,0,0.01,0.82,0.91,0.11,0.0
70,JAM,3.713098730333884,6.452963725376831,7.13,2.4183352687515107,2,0,0,1,0,0,0,0,0,1,0,0,0,0,1,0,0.05,0.02,0.3,0.61,0.0
71,JPN,4.603085451644088,8.099271676700322,8.15,2.5375741440463293,1,0,0,1,0,0,0,0,0,1,0,0,0,0,1,0,0.0,0.22,0.24,0.69,0.0
72,JOR,3.621539771584829,7.044004637172972,3.49,2.0956210166075246,1,1,0,0,1,0,1,1,0,1,0,1,1,0,1,0,1.0,0.75,0.02,0.94,0.04
73,KAZ,3.999287217427891,7.295426409743608,3.08,0.8641109032080835,2,1,0,0,1,0,1,0,0,1,0,1,0,0,1,0,0.99,0.02,0.03,0.93,0.03
74,KEN,3.314153048257373,7.726068064419881,5.05,1.9619844069816847,1,1,0,0,1,0,1,0,0,1,0,1,0,0,1,0,1.0,0.01,0.0,0.96,0.01
75,KOR,4.545622793169808,7.714074297671685,8.16,2.724624480004993,2,0,1,1,0,0,0,1,1,0,0,0,1,1,0,0,0.0,0.99,1.0,0.01,0.0
76,KGZ,3.130332901997969,6.835768166960869,3.62,1.552919564126224,1,0,0,0,0,0,0,0,0,0,0,0,0,0,0,0,0.04,0.02,0.01,0.02,0.01
77,LAO,3.40244212317487,6.872342425675838,1.77,1.5091066211921442,1,1,0,0,1,0,1,1,0,1,0,1,1,0,1,0,1.0,0.65,0.03,0.71,0.19
78,LVA,4.306679927106005,6.275193837218714,7.31,1.4811940362342433,1,0,0,1,0,0,0,0,1,0,0,0,0,1,0,0,0.0,0.0,0.99,0.01,0.0
79,LBN,3.606958669293775,6.757253417087301,3.84,2.7473777833751414,1,1,0,0,1,0,1,0,1,0,0,1,0,1,0,0,0.98,0.09,0.73,0.3,0.03
80,LSO,3.027996056369729,6.354404657613162,6.3,1.8721028903897192,1,1,0,1,0,0,1,0,0,1,0,1,0,0,1,0,1.0,0.03,0.32,0.74,0.01
81,LBY,3.693360006192644,6.85340462925197,1.95,0.6080054850589824,1,1,0,0,0,1,1,0,0,0,1,1,0,0,0,1,1.0,0.0,0.0,0.02,1.0
82,LTU,4.377860778870776,6.448455871526657,7.18,1.6518121677415407,2,0,1,1,0,0,0,1,1,0,0,0,1,1,0,0,0.02,0.92,0.99,0.0,0.0
83,LUX,5.130223782977805,5.80622340126075,8.68,2.3955372527821845,1,1,0,1,0,0,1,0,0,1,0,1,0,0,1,0,0.99,0.13,0.34,0.58,0.0
84,MDG,2.6843690486014258,7.472626039035783,5.7,1.707852322124742,1,1,0,0,0,1,1,0,0,0,1,1,0,0,0,1,1.0,0.0,0.0,0.01,1.0
85,MWI,2.7906000511714666,7.30205497960433,5.74,2.3276354057520443,1,1,0,0,0,1,1,0,0,0,1,1,0,0,0,1,1.0,0.0,0.0,0.0,1.0
86,MYS,4.037550459074197,7.535071205200033,7.24,2.0184697336735,1,1,0,0,1,0,1,0,0,1,0,1,0,0,1,0,0.95,0.01,0.0,0.94,0.0
87,MLI,3.0116860654131488,7.3500275191420545,3.48,1.2636000577076292,1,1,0,0,0,1,1,0,0,0,1,1,0,0,0,1,1.0,0.04,0.0,0.0,1.0
88,MRT,3.289541949846231,6.675308426458024,4.03,0.6621761504120204,1,1,0,0,0,1,1,0,0,0,1,1,0,0,0,1,1.0,0.01,0.0,0.0,1.0
89,MUS,3.9575581090334495,6.102548267471208,8.08,2.802170202600505,1,1,0,0,1,0,1,0,0,1,0,1,0,0,1,0,0.98,0.07,0.02,0.94,0.05
90,MEX,4.013429260750703,8.106014518167177,5.57,1.817329427846136,1,0,0,1,0,0,0,1,0,1,0,0,1,0,1,0,0.03,0.82,0.33,0.65,0.0
91,MDA,3.722190009799699,6.414272733853403,6.1,1.8972088603707484,1,1,0,1,0,0,1,0,1,0,0,1,0,1,0,0,0.99,0.11,0.99,0.04,0.0
92,MNG,3.654909291737088,6.529397113653173,6.42,0.3369671064410409,1,1,0,1,0,0,1,1,1,0,0,1,1,1,0,0,0.98,0.84,0.85,0.12,0.07
93,MNE,3.972086553991634,5.795916843954714,6.02,1.6671945596162876,1,0,0,1,0,0,0,1,1,0,0,0,1,1,0,0,0.07,0.8,0.96,0.05,0.0
94,MAR,3.578173300123649,7.567666648959285,5.04,1.9180397621187564,1,0,0,0,1,0,0,0,0,1,0,0,0,0,1,0,0.01,0.03,0.05,0.86,0.0
95,MOZ,2.707491680474872,7.50116611017576,3.51,1.6055336506213806,1,1,0,0,0,1,1,0,0,0,1,1,0,0,0,1,1.0,0.18,0.0,0.0,0.99
96,MMR,3.094373757567593,7.727436346788464,1.02,1.91274269599518,1,1,0,0,0,1,1,0,0,0,1,1,0,0,0,1,1.0,0.0,0.0,0.27,0.81
97,NAM,3.644717745105509,6.4487910067992535,6.52,0.533238166465098,1,1,0,0,1,0,1,1,0,1,0,1,1,0,1,0,0.95,0.71,0.01,0.97,0.0
98,NPL,3.0978646774234377,7.469453961110437,4.41,2.313056263827934,1,1,0,0,1,0,1,0,0,1,0,1,0,0,1,0,0.99,0.02,0.15,0.86,0.04
99,NLD,4.779177780311633,7.243857322690338,8.88,2.716614206302249,2,0,0,1,0,0,0,1,1,0,0,0,1,1,0,0,0.0,0.86,0.95,0.03,0.0
100,NZL,4.696264610379871,6.7085313719591415,9.37,1.288064018882889,1,0,0,1,0,0,0,1,1,0,0,0,1,1,0,0,0.02,0.73,0.96,0.05,0.0
101,NIC,3.3300860790165663,6.822478057594332,2.69,1.7420680504386952,1,1,0,0,0,1,1,0,0,0,1,1,0,0,0,1,1.0,0.0,0.0,0.01,1.0
102,NER,2.784419311630026,7.389204017001428,3.22,1.2865302464525012,1,1,0,0,0,1,1,0,0,0,1,1,0,0,0,1,1.0,0.02,0.0,0.0,1.0
103,NGA,3.3047650772606616,8.339509646779728,4.11,2.380100929897047,1,1,0,0,0,1,1,0,0,0,1,1,0,0,0,1,1.0,0.0,0.0,0.27,0.7
104,MKD,3.8820007334091535,6.26413610678745,6.03,1.862391024550387,1,1,0,1,0,0,1,1,1,0,0,1,1,1,0,0,0.99,0.62,0.98,0.02,0.0
105,NOR,4.968823211091987,6.733062380071655,9.75,1.1716389743278084,2,0,0,1,0,0,0,0,1,0,0,0,0,1,0,0,0.0,0.18,0.97,0.02,0.0
106,OMN,4.287879180027131,6.653253432038853,3.0,1.1625927786827162,2,1,0,0,0,1,1,0,0,0,1,1,0,0,0,1,1.0,0.0,0.03,0.01,0.99
107,PAK,3.16295826609588,8.379265261591776,4.31,2.492278483273527,1,1,1,0,1,0,1,1,0,1,0,1,1,0,1,0,0.92,0.87,0.1,0.88,0.01
108,PAN,4.190606391107055,6.638030259741719,6.85,1.767743430749127,1,1,0,0,1,0,1,0,0,1,0,1,0,0,1,0,0.97,0.03,0.08,0.77,0.19
109,PNG,3.41623741131608,7.000559705343376,6.1,1.344595743120248,1,1,0,1,0,0,1,1,1,0,0,1,1,1,0,0,1.0,0.67,0.98,0.01,0.01
110,PRY,3.776478300176186,6.825048266553432,5.86,1.2259297014980683,1,0,0,1,0,0,0,0,0,1,0,0,0,0,1,0,0.0,0.11,0.36,0.65,0.0
111,PER,3.834179171096264,7.520560585336193,6.09,1.4133506156883255,1,0,0,0,1,0,0,1,0,1,0,0,1,0,1,0,0.05,0.7,0.05,0.91,0.0
112,PHL,3.542126252483901,8.053466252830185,6.62,2.579002307508901,1,0,0,0,1,0,0,0,0,1,0,0,0,0,1,0,0.0,0.01,0.02,0.99,0.0
113,POL,4.270341256564057,7.567985215390646,6.8,2.082121885793312,1,0,1,0,1,0,0,1,0,1,0,0,1,0,1,0,0.05,0.73,0.03,0.97,0.0
114,PRT,4.392898247040661,7.01543650472721,7.82,2.053514481116569,1,0,0,0,1,0,0,1,0,1,0,0,1,0,1,0,0.02,0.73,0.33,0.79,0.0
115,QAT,4.855833303599417,6.398792126528398,3.65,2.338472097840113,2,1,0,0,0,1,1,0,0,0,1,1,0,0,0,1,1.0,0.0,0.0,0.0,0.98
116,ROU,4.175708491188697,7.281534653849788,6.43,1.919655785147,1,0,0,1,0,0,0,0,0,1,0,0,0,0,1,0,0.01,0.22,0.28,0.63,0.0
117,RUS,4.094297421425986,8.16060885729577,3.24,0.9463779556968251,2,0,0,0,1,0,0,0,0,1,0,0,0,0,1,0,0.03,0.04,0.02,0.97,0.0
118,SAU,4.504073295901006,7.488330453611092,2.08,1.1559546174146962,2,1,1,0,0,1,1,1,0,0,1,1,1,0,0,1,1.0,0.92,0.0,0.0,0.99
119,SEN,3.203605791164178,7.236055012613408,5.53,1.951556601785363,1,1,0,0,0,1,1,0,0,0,1,1,0,0,0,1,1.0,0.0,0.0,0.03,0.98
120,SRB,3.985899044588436,6.834695690972012,6.36,1.9099513384920632,1,0,0,1,0,0,1,1,1,0,0,1,1,1,0,0,0.69,0.74,0.89,0.1,0.0
121,SLE,2.947528285392972,6.908195499975976,4.97,2.049778622252488,1,1,0,0,1,0,1,0,0,1,0,1,0,0,1,0,0.99,0.17,0.02,0.8,0.11
122,SGP,4.903394585635654,6.736680573410377,6.23,3.880556129168077,1,0,0,1,0,0,0,0,1,0,0,0,0,1,0,0,0.03,0.02,1.0,0.01,0.0
123,SVK,4.345029458465194,6.736177068371159,7.03,2.054212609376476,1,0,0,1,0,0,0,0,1,0,0,0,0,1,0,0,0.0,0.01,0.99,0.0,0.0
124,SVN,4.465194954391125,6.323886881977509,7.54,2.019905052298379,1,0,0,1,0,0,1,0,1,0,0,1,0,1,0,0,0.61,0.22,1.0,0.03,0.0
125,ZAF,3.835271888578139,7.788893496988643,7.05,1.7050004743138194,1,1,0,1,0,0,1,1,1,0,0,1,1,1,0,0,0.98,0.68,0.92,0.02,0.01
126,ESP,4.488543350264606,7.676179658694953,7.94,1.977441417506272,1,0,0,1,0,0,0,0,0,1,0,0,0,0,1,0,0.0,0.18,0.35,0.72,0.0
127,VCT,3.936578029401176,5.01216629096159,9.1,2.42110168393509,1,1,0,1,0,0,1,1,1,0,0,1,1,1,0,0,0.99,0.87,0.95,0.03,0.0
128,SUR,3.701554894328419,5.790915383783036,6.82,0.5854197557483248,2,1,0,1,0,0,1,1,0,1,0,1,1,0,1,0,1.0,0.83,0.23,0.68,0.02
129,SWE,4.78657375100196,7.017693090809199,9.26,1.4078000067799177,2,0,0,1,0,0,0,1,1,0,0,0,1,1,0,0,0.0,0.8,0.94,0.04,0.0
130,CHE,4.971576288034353,6.93974612469671,8.9,2.343043162079569,1,0,0,1,0,0,0,0,1,0,0,0,0,1,0,0,0.0,0.04,0.99,0.01,0.0
131,TZA,3.0644042859117,7.79816990753927,5.1,1.8508342315905304,1,1,0,1,0,0,1,0,0,1,0,1,0,0,1,0,0.99,0.04,0.3,0.7,0.0
132,THA,3.8486328899487408,7.855684676935714,6.04,2.147357274913702,2,1,0,0,1,0,1,1,0,1,0,1,1,0,1,0,0.98,0.65,0.03,0.93,0.01
133,TGO,2.972949189587373,6.948333680236027,2.8,2.2128146214208564,1,1,0,0,0,1,1,0,0,0,1,1,0,0,0,1,1.0,0.0,0.0,0.01,1.0
134,TTO,4.247462148449877,6.135945754417381,7.16,2.425828389305565,1,1,0,0,0,1,1,0,0,0,1,1,0,0,0,1,1.0,0.0,0.03,0.25,0.75
135,TUN,3.5918366597876807,7.080937379523539,5.99,1.8895981669596091,1,1,0,0,0,1,1,0,0,0,1,1,0,0,0,1,1.0,0.06,0.0,0.09,0.87
136,TUR,3.988702187033376,7.925040278406167,4.35,2.0387582903476646,1,0,0,1,0,0,0,0,1,0,0,0,0,1,0,0,0.01,0.04,0.97,0.02,0.0
137,UGA,2.945858249856508,7.661916090190926,4.48,2.3597583942499094,1,0,0,1,0,0,0,0,1,0,0,0,0,1,0,0,0.01,0.0,0.99,0.02,0.0
138,UKR,3.679059389613108,7.6463903932758495,5.57,1.8834119024081069,1,1,0,0,0,0,0,1,0,1,0,0,1,0,1,0,0.41,0.78,0.05,0.79,0.06
139,ARE,4.637089484869559,6.981145676869098,2.9,2.129765008903501,2,1,0,0,1,0,1,0,0,1,0,1,0,0,1,0,0.98,0.07,0.07,0.94,0.01
140,GBR,4.671417939129708,7.825971078200237,8.1,2.4422813527626333,1,0,0,1,0,0,0,1,1,0,0,0,1,1,0,0,0.0,0.76,0.83,0.2,0.0
141,USA,4.853134612077193,8.521268561744987,7.85,1.5599699417509207,2,0,0,1,0,0,0,1,1,0,0,0,1,1,0,0,0.01,0.86,0.93,0.06,0.0
142,URY,4.252411687858587,6.531056551943977,8.85,1.2879688724386005,1,1,0,0,1,0,1,0,0,1,0,1,0,0,1,0,1.0,0.01,0.05,0.93,0.05
143,UZB,3.353823871751321,7.534580632926206,2.12,1.8904839017472896,1,0,0,1,0,0,0,1,1,0,0,0,1,1,0,0,0.04,0.7,0.96,0.03,0.0
144,VEN,3.3021386072296126,7.450831257799471,2.11,1.5053380534968792,2,1,0,0,0,1,1,0,0,0,1,1,0,0,0,1,1.0,0.01,0.0,0.03,0.98
145,VNM,3.568693672235317,7.995350388297308,2.94,2.4992112112339693,1,1,0,0,1,0,1,1,0,1,0,1,1,0,1,0,0.99,0.77,0.08,0.96,0.0
146,ZMB,3.051985868428033,7.292335987482594,5.72,1.4211192727648956,1,1,1,0,1,0,1,1,1,0,0,1,1,1,0,0,1.0,0.82,0.73,0.2,0.07
147,ZWE,3.23663480834504,7.198580391473546,2.92,1.6110377902799269,1,1,0,1,0,0,1,1,1,0,0,1,1,1,0,0,1.0,0.67,0.96,0.0,0.0
148,ALB,3.835463962431891,6.443683618959264,6.41,2.005933056138875,1,1,0,0,1,0,1,0,0,1,0,1,0,0,1,0,0.88,0.01,0.03,0.95,0.02
149,DZA,3.695617597853505,7.657795522518704,3.66,1.2809011720588792,2,1,0,0,0,1,1,0,0,0,1,1,0,0,0,1,0.98,0.0,0.0,0.0,0.99
150,AGO,3.4668223290336297,7.551877116564566,3.96,1.456115157087066,1,1,0,0,0,1,1,0,0,0,1,1,0,0,0,1,1.0,0.01,0.0,0.0,1.0
151,ARG,4.144128199853927,7.657131455606257,6.85,1.2199058503460487,1,1,1,1,0,0,1,0,1,0,0,1,0,1,0,0,0.92,0.16,0.99,0.01,0.01
152,ARM,3.817695866710949,6.472639451880648,5.63,2.022416217194749,1,0,0,1,0,0,0,0,1,0,0,0,0,1,0,0,0.02,0.04,0.99,0.0,0.0
153,AUS,4.812893403049989,7.4152137970205,8.71,0.5291733922447044,1,0,1,1,0,0,0,0,1,0,0,0,0,1,0,0,0.0,0.23,0.97,0.0,0.0
154,AUT,4.717476315935439,6.956257346050302,8.2,2.039698126749188,1,0,0,1,0,0,0,0,1,0,0,0,0,1,0,0,0.0,0.05,0.99,0.02,0.0
155,AZE,3.890454230905776,7.0061131576683415,2.87,2.088870299760875,2,1,0,0,0,1,1,0,0,0,1,1,0,0,0,1,1.0,0.01,0.0,0.0,0.98
156,BHS,4.543536158812173,5.599378648468038,9.1,1.5989445709887198,1,1,1,1,0,0,1,0,1,0,0,1,0,1,0,0,0.98,0.24,0.99,0.0,0.0
157,BHR,4.483879893288519,6.183182406418533,2.52,3.285555315128091,2,1,0,0,0,1,1,0,0,0,1,1,0,0,0,1,1.0,0.0,0.0,0.0,1.0
158,BGD,3.434007459602478,8.228874684377386,5.99,3.114063610539324,1,1,0,0,0,1,1,0,0,0,1,1,0,0,0,1,0.98,0.01,0.01,0.02,0.87
159,BRB,4.345648651483543,5.450738568729497,9.5,2.8172701131499105,1,1,1,1,0,0,1,0,1,0,0,1,0,1,0,0,0.98,0.19,0.97,0.0,0.0
160,BEL,4.706053904044446,7.067450651083002,7.64,2.583236255120805,2,1,1,1,0,0,1,0,1,0,0,1,0,1,0,0,0.99,0.23,1.0,0.01,0.0
161,BLZ,3.849324484137198,5.605017217217849,8.7,1.2468919319412008,1,1,1,0,1,0,1,0,0,1,0,1,0,0,1,0,1.0,0.07,0.19,0.79,0.0
162,BEN,3.1025801986922352,7.138602684126523,4.28,2.086447616926958,1,1,0,0,0,1,1,0,0,0,1,1,0,0,0,1,1.0,0.0,0.01,0.02,0.93
163,BTN,3.5695293006848954,5.892603208804369,5.54,1.311222520094382,1,1,0,1,0,0,1,0,1,0,0,1,0,1,0,0,1.0,0.06,1.0,0.0,0.0
164,BOL,3.561569819366641,7.081964604176093,4.51,1.047215861029604,1,1,1,0,0,1,1,1,0,0,1,1,1,0,0,1,1.0,0.73,0.02,0.01,0.91
165,BIH,3.883978905317052,6.505801202976927,5.0,1.7965312420010957,1,0,0,1,0,0,0,0,1,0,0,0,0,1,0,0,0.0,0.02,0.99,0.0,0.0
166,BWA,3.920577691329166,6.387370603042783,7.73,0.6339944003013945,1,1,0,0,1,0,1,0,0,1,0,1,0,0,1,0,0.99,0.01,0.17,0.86,0.01
167,BRA,3.9676103708875,8.32285252022132,6.78,1.4007428788602008,1,0,1,0,1,0,1,1,0,1,0,1,1,0,1,0,0.74,0.83,0.02,0.97,0.01
168,BGR,4.146117858169603,6.810575045264165,6.53,1.7749052106124843,2,0,1,0,1,0,0,0,1,0,0,0,0,1,0,0,0.01,0.21,0.79,0.18,0.01
169,BFA,2.922267731263384,7.352356934351061,3.08,1.9152408413029824,1,1,0,0,0,1,1,0,0,0,1,1,0,0,0,1,1.0,0.0,0.0,0.0,0.97
170,BDI,2.3990403758116465,7.124539990707356,2.13,2.71494497131054,1,1,0,0,0,1,1,0,0,0,1,1,0,0,0,1,1.0,0.01,0.0,0.0,1.0
171,CPV,3.635816741117073,5.715786977687626,7.65,2.1104819315465173,1,1,1,0,1,0,1,0,1,0,0,1,0,1,0,0,0.98,0.07,0.65,0.28,0.0
172,KHM,3.3664286544613207,7.235571975173018,3.18,1.9887780563978628,1,1,0,0,1,0,1,0,0,1,0,1,0,0,1,0,1.0,0.02,0.0,0.95,0.03
173,CMR,3.205441826027083,7.441424437926561,2.56,1.7668296481921215,1,1,0,0,0,1,1,0,0,0,1,1,0,0,0,1,1.0,0.0,0.0,0.04,0.97
174,CAN,4.750175030595323,7.590350597066863,8.88,0.6464259568713818,2,0,1,1,0,0,0,1,1,0,0,0,1,1,0,0,0.0,0.97,1.0,0.0,0.0
175,CAF,2.669651377035,6.707403153498884,1.35,0.91292904910145,1,1,0,0,0,1,1,0,0,0,1,1,0,0,0,1,1.0,0.0,0.0,0.0,1.0
176,TCD,2.984993521522324,7.266121485775586,1.67,1.166026770760597,2,1,0,0,0,1,1,0,0,0,1,1,0,0,0,1,1.0,0.01,0.0,0.01,1.0
177,CHL,4.18767908472417,7.291214199874014,8.22,1.420323806173044,1,0,1,0,1,0,0,1,0,1,0,0,1,0,1,0,0.03,0.8,0.03,0.98,0.0
178,CHN,4.112960255235301,9.149888518829805,1.94,2.1773057232865933,1,1,0,1,0,0,1,0,1,0,0,1,0,1,0,0,0.97,0.03,0.99,0.02,0.0
179,COL,3.824805397262098,7.713809166413843,6.72,1.668681859845816,1,1,0,0,1,0,1,0,0,1,0,1,0,0,1,0,0.98,0.04,0.03,0.99,0.01
180,COD,2.807949011760525,8.010287097261257,1.48,1.6548259986236529,1,1,0,0,0,1,1,0,0,0,1,1,0,0,0,1,1.0,0.0,0.0,0.0,0.99
181,COG,3.4184401841727885,6.780684758482573,2.79,1.247294050465021,1,1,0,0,0,1,1,0,0,0,1,1,0,0,0,1,1.0,0.01,0.0,0.0,1.0
182,CRI,4.134365224407822,6.706014577762164,8.29,1.9979337672939324,1,1,1,0,1,0,1,0,0,1,0,1,0,0,1,0,0.98,0.13,0.04,0.92,0.01
183,CIV,3.3679838487288203,7.482802176297165,4.22,1.980375056312732,2,1,0,0,0,1,1,0,0,1,0,1,0,0,1,0,1.0,0.01,0.0,0.65,0.36
184,HRV,4.2663750783567655,6.586096589811376,6.5,1.8382188839915856,1,1,1,0,1,0,1,1,0,1,0,1,1,0,1,0,0.95,0.67,0.21,0.73,0.0
185,CYP,4.530128581062954,6.124298766690125,7.38,2.1586267954700182,1,0,1,1,0,0,0,1,1,0,0,0,1,1,0,0,0.02,0.98,1.0,0.0,0.0
186,CZE,4.451513552590681,7.028250618527641,7.97,2.1407923823565764,1,0,1,1,0,0,0,1,1,0,0,0,1,1,0,0,0.0,0.83,0.99,0.02,0.0
187,DNK,4.833091747724006,6.771075505370182,9.28,2.16901551404222,2,0,0,1,0,0,0,0,1,0,0,0,0,1,0,0,0.0,0.01,0.98,0.01,0.0
188,DMA,3.969586469680221,4.824945466362094,9.3,1.9498842029703944,1,1,1,0,1,0,1,0,0,0,0,1,0,0,0,0,1.0,0.18,0.05,0.18,0.06
189,DOM,4.004503865317435,7.050408141099623,6.39,2.367378943539955,1,1,0,0,0,1,1,0,0,0,1,1,0,0,0,1,1.0,0.0,0.0,0.02,0.98
190,ECU,3.8139534337514887,7.251002663817867,5.69,1.8559210126439212,1,1,0,0,0,1,1,0,0,0,1,1,0,0,0,1,0.98,0.01,0.01,0.07,0.94
191,EGY,3.62667985062478,8.051608774459009,2.93,2.053589323525451,1,1,0,0,0,1,1,0,0,0,1,1,0,0,0,1,1.0,0.01,0.0,0.07,0.82
192,SLV,3.7054019950412775,6.797981703676877,5.06,2.4815919526036816,1,1,1,0,1,0,1,0,0,1,0,1,0,0,1,0,0.99,0.17,0.07,0.91,0.0
193,GNQ,3.8802017004583775,6.256126982810674,1.92,1.808194117218494,1,1,0,0,0,1,1,0,0,0,1,1,0,0,0,1,1.0,0.0,0.01,0.01,0.99
194,EST,4.454099791488869,6.129960436522729,7.96,1.499227543705532,1,0,1,1,0,0,0,1,1,0,0,0,1,1,0,0,0.03,0.97,1.0,0.0,0.0
195,ETH,3.004782652240197,8.09824311467039,3.17,2.045742013067558,1,1,0,0,1,0,1,0,0,1,0,1,0,0,1,0,0.99,0.0,0.05,0.95,0.01
196,FJI,3.732798113749512,5.96351489137023,5.55,1.7017763440176925,1,1,1,1,0,0,1,1,1,0,0,1,1,1,0,0,0.99,0.87,0.99,0.0,0.01
197,FIN,4.702779901478833,6.7447705226624,9.29,1.2619716612755076,2,0,0,0,1,0,0,0,1,0,0,0,0,1,0,0,0.05,0.05,0.8,0.22,0.02
198,FRA,4.613660161429368,7.832923944562732,8.07,2.1013754683024017,1,0,0,0,1,0,0,0,0,1,0,0,0,0,1,0,0.0,0.27,0.03,0.88,0.0
199,GAB,3.924755064558888,6.385739758422985,3.4,0.974675900962061,1,1,0,0,0,1,1,0,0,0,1,1,0,0,0,1,1.0,0.0,0.02,0.0,1.0
200,GMB,2.922333469474827,6.421022833923283,4.47,2.4158423214195026,1,1,1,0,1,0,1,1,0,1,0,1,1,0,1,0,0.99,0.73,0.07,0.83,0.09
201,GEO,3.82800516499135,6.569666696288563,5.2,1.727744384609112,1,0,0,1,0,0,0,0,1,0,0,0,0,1,0,0,0.0,0.04,1.0,0.0,0.0
202,DEU,4.696235044220095,7.923233575743614,8.8,2.379960396830331,2,0,1,1,0,0,0,1,1,0,0,0,1,1,0,0,0.0,0.99,1.0,0.0,0.0
203,GHA,3.3482836787914247,7.520472423044527,6.43,2.1634280300577253,1,0,0,0,1,0,0,0,0,1,0,0,0,0,1,0,0.08,0.01,0.0,0.99,0.0
204,GRC,4.32163643062265,7.018570773336125,7.97,1.9083178559827223,2,0,0,0,1,0,0,0,1,0,0,0,0,1,0,0,0.01,0.09,0.82,0.14,0.02
205,GRD,4.022653456267993,5.067862804697876,8.9,2.536383887655621,1,1,1,0,0,1,1,0,0,1,0,1,0,0,1,0,1.0,0.1,0.05,0.73,0.16
206,GTM,3.729059547627777,7.251586564312685,4.68,2.2215538593765136,1,0,0,0,1,0,0,0,0,1,0,0,0,0,1,0,0.0,0.0,0.12,0.88,0.04
207,GUY,4.253180273664589,5.914679988201219,6.34,0.5901094709823842,1,0,1,1,0,0,0,1,1,0,0,0,1,1,0,0,0.0,0.96,0.98,0.0,0.0
208,HTI,3.2456671989847496,7.060833998651104,2.81,2.620554785415516,1,1,0,0,1,0,1,0,0,1,0,1,0,0,1,0,1.0,0.03,0.0,0.83,0.0
209,HND,3.4775972654448752,7.019692418476973,5.15,1.9709011446285631,1,1,1,0,1,0,1,1,0,1,0,1,1,0,1,0,1.0,0.88,0.01,0.96,0.02
210,HUN,4.266787423463278,6.982500715128776,6.64,2.0222202506921336,1,1,0,0,1,0,0,0,1,0,0,0,0,1,0,0,0.34,0.04,0.73,0.35,0.02
211,ISL,4.87576144859999,5.5820667735879645,9.52,0.5784770063988246,1,0,1,1,0,0,0,1,1,0,0,0,1,1,0,0,0.01,0.95,0.99,0.01,0.0
212,IND,3.370596035133071,9.153943826694295,7.04,2.680721163263009,2,1,0,0,1,0,1,0,0,1,0,1,0,0,1,0,0.73,0.0,0.03,0.96,0.01
213,IDN,3.674937787258587,8.445340322691303,6.71,2.168291705345154,1,1,0,0,1,0,1,0,0,1,0,1,0,0,1,0,0.96,0.01,0.02,0.99,0.01
214,IRN,3.643955073277502,7.951940671941206,1.96,1.741755966468799,2,1,0,0,0,1,1,0,0,0,1,1,0,0,0,1,1.0,0.01,0.0,0.0,0.99
215,IRL,5.022158189679123,6.717074061889343,9.13,1.8789178771371948,1,0,1,1,0,0,0,1,1,0,0,0,1,1,0,0,0.0,0.73,1.0,0.0,0.0
216,ISR,4.739964705740027,6.980344306691066,7.93,2.645087050256534,2,1,1,0,1,0,1,1,1,0,0,1,1,1,0,0,0.97,0.78,0.78,0.25,0.02
217,ITA,4.552107093351199,7.770952601732454,7.69,2.300071904206975,2,0,1,1,0,0,0,1,1,0,0,0,1,1,0,0,0.01,0.97,0.99,0.0,0.0
218,JAM,3.77975181378396,6.453187420288946,7.13,2.4185589636636253,2,0,0,0,1,0,0,0,1,0,0,0,0,1,0,0,0.09,0.04,0.78,0.3,0.0
219,JPN,4.532316602227319,8.097344052307639,8.33,2.5356465196536453,1,0,0,0,1,0,0,0,0,1,0,0,0,0,1,0,0.01,0.07,0.05,0.95,0.0
220,JOR,3.636713670685368,7.051394231736069,3.17,2.103010611170621,1,1,1,0,1,0,1,1,0,1,0,1,1,0,1,0,1.0,0.76,0.02,0.95,0.02
221,KAZ,4.051358604907164,7.3017808710612355,3.08,0.8704653645257103,2,1,0,0,1,0,1,0,0,1,0,1,0,0,1,0,1.0,0.01,0.01,0.96,0.02
222,KEN,3.324192476036214,7.734419443432607,5.05,1.970335785994411,1,1,0,0,1,0,1,0,0,1,0,1,0,0,1,0,1.0,0.0,0.0,0.97,0.03
223,KOR,4.510473739483097,7.7132600538582015,8.03,2.7238102361915093,2,0,1,1,0,0,0,1,1,0,0,0,1,1,0,0,0.0,0.99,0.98,0.04,0.0
224,KGZ,3.2404794019840164,6.843557909906818,3.62,1.5607093070721734,1,0,0,0,0,0,0,0,0,0,0,0,0,0,0,0,0.04,0.02,0.01,0.03,0.0
225,LAO,3.3109914614601315,6.8784647475190015,1.77,1.5152289430353072,1,1,1,0,1,0,1,1,0,0,1,1,1,0,0,1,1.0,0.83,0.1,0.26,0.64
226,LVA,4.305936428727846,6.27401529411687,7.37,1.4800154931323992,1,0,0,1,0,0,0,0,1,0,0,0,0,1,0,0,0.0,0.0,0.99,0.01,0.0
227,LBN,3.562811144971817,6.75925140215388,3.64,2.74937576844172,1,1,0,1,0,0,1,0,1,0,0,1,0,1,0,0,0.98,0.05,0.97,0.02,0.0
228,LSO,3.0128902628585044,6.359097123366204,6.19,1.876795356142761,1,1,0,0,1,0,1,0,1,0,0,1,0,1,0,0,0.98,0.05,0.73,0.1,0.03
229,LBY,3.7771829217437447,6.8587660140818905,2.06,0.6133668698889029,1,1,0,0,0,1,1,0,0,0,1,1,0,0,0,1,1.0,0.0,0.01,0.03,1.0
230,LTU,4.39942767957663,6.452037885210759,7.31,1.655435802440759,2,0,1,1,0,0,0,1,1,0,0,0,1,1,0,0,0.02,1.0,0.98,0.0,0.0
231,LUX,5.092438714021855,5.814981678678003,8.81,2.404295530199437,1,1,0,0,1,0,1,0,0,1,0,1,0,0,1,0,1.0,0.02,0.01,0.9,0.03
232,MDG,2.702012010571824,7.483405568397274,5.7,1.7186318514862338,1,1,0,0,0,1,1,0,0,0,1,1,0,0,0,1,1.0,0.0,0.0,0.0,1.0
233,MWI,2.7812308546779616,7.313207435123895,5.91,2.338787861271609,1,1,0,0,0,1,1,0,0,0,1,1,0,0,0,1,1.0,0.0,0.0,0.0,1.0
234,MYS,4.069967336291392,7.54027306290739,7.3,2.023671591380856,1,1,0,0,1,0,1,0,0,1,0,1,0,0,1,0,0.97,0.02,0.01,0.98,0.0
235,MLI,2.986647340605071,7.36309728987591,3.23,1.276669828441484,1,1,0,0,0,1,1,0,0,0,1,1,0,0,0,1,1.0,0.0,0.0,0.0,1.0
236,MRT,3.2923341488844318,6.688031364139657,4.03,0.6748990880936536,1,1,0,0,0,1,1,0,0,0,1,1,0,0,0,1,1.0,0.01,0.0,0.0,1.0
237,MUS,4.009611845237728,6.101239298618103,8.14,2.800861233747401,1,1,0,0,1,0,1,0,0,1,0,1,0,0,1,0,0.99,0.06,0.02,0.97,0.02
238,MEX,4.056986408657211,8.10928526369096,5.25,1.82060017336992,1,0,1,0,1,0,0,0,1,0,0,0,0,1,0,0,0.02,0.08,0.77,0.19,0.01
239,MDA,3.759236824672634,6.402889408161788,6.23,1.8859575992937756,1,1,0,1,0,0,1,0,1,0,0,1,0,1,0,0,0.99,0.03,0.95,0.05,0.02
240,MNG,3.6984063478865767,6.535768419472166,6.35,0.3433375757423222,1,1,1,1,0,0,1,1,1,0,0,1,1,1,0,0,0.99,0.69,0.89,0.02,0.09
241,MNE,3.999574376007256,5.794899838590982,6.45,1.6661775542525548,1,0,1,1,0,0,0,1,1,0,0,0,1,1,0,0,0.04,0.83,0.97,0.0,0.0
242,MAR,3.538497856364395,7.572047100434438,5.04,1.9224202135939088,1,0,0,0,1,0,0,0,0,1,0,0,0,0,1,0,0.03,0.01,0.01,0.91,0.0
243,MOZ,2.762116891000792,7.513966258931284,3.51,1.6183337993769042,1,1,0,0,0,1,1,1,0,0,1,1,1,0,0,1,1.0,0.64,0.0,0.0,0.99
244,MMR,3.063727329787093,7.730433303388958,0.74,1.915739652595675,1,1,0,0,0,1,1,0,0,1,0,1,0,0,1,0,1.0,0.0,0.0,0.72,0.35
245,NAM,3.638469197570729,6.460847046867428,6.52,0.5452942065332725,1,1,1,0,1,0,1,0,0,1,0,1,0,0,1,0,1.0,0.22,0.09,0.89,0.0
246,NPL,3.1417352361013107,7.472982106830639,4.49,2.3165844095481365,1,1,0,0,1,0,1,0,0,1,0,1,0,0,1,0,0.99,0.02,0.25,0.77,0.02
247,NLD,4.771758802760276,7.247997360449442,9.0,2.720754244061353,2,0,1,1,0,0,0,1,1,0,0,0,1,1,0,0,0.0,0.98,1.0,0.0,0.0
248,NZL,4.68806403712806,6.709023904176306,9.61,1.2885565511000523,1,0,1,1,0,0,0,1,1,0,0,0,1,1,0,0,0.01,0.78,0.99,0.01,0.0
249,NIC,3.3660287452510143,6.828057265530301,2.5,1.7476472583746638,1,1,0,0,0,1,1,0,0,0,1,1,0,0,0,1,1.0,0.0,0.0,0.02,0.99
250,NER,2.785148352893697,7.403325998560737,3.73,1.300652228011811,1,1,0,0,0,1,1,0,0,0,1,1,0,0,0,1,1.0,0.04,0.0,0.0,1.0
251,NGA,3.330286872790071,8.348598634968054,4.23,2.389189918085373,1,1,0,0,0,1,1,0,0,1,0,1,0,0,1,0,0.97,0.0,0.0,0.72,0.26
252,MKD,3.881169883309463,6.26285719059647,6.1,1.8611121083594064,1,1,1,1,0,0,1,0,1,0,0,1,0,1,0,0,0.99,0.23,1.0,0.01,0.0
253,NOR,5.038499037615085,6.736964060940449,9.81,1.1755406551966028,2,0,0,1,0,0,0,1,1,0,0,0,1,1,0,0,0.0,0.66,0.97,0.02,0.0
254,OMN,4.3659292236406495,6.674881890887528,3.12,1.184221237531392,2,1,0,0,0,1,1,0,0,0,1,1,0,0,0,1,1.0,0.0,0.01,0.0,1.0
255,PAK,3.187047480674367,8.386856717834798,4.13,2.499869939516549,1,1,1,0,1,0,1,1,0,1,0,1,1,0,1,0,1.0,0.82,0.2,0.84,0.02
256,PAN,4.238859607103581,6.643528967429125,6.91,1.7732421384365336,1,1,0,0,1,0,1,0,0,0,1,1,0,0,0,1,0.97,0.03,0.13,0.38,0.68
257,PNG,3.491682348968045,7.008735080140535,5.97,1.3527711179174065,1,1,1,1,0,0,1,1,1,0,0,1,1,1,0,0,1.0,0.65,0.99,0.01,0.0
258,PRY,3.792785594790038,6.829976504480705,5.89,1.2322681122556052,1,0,0,0,1,0,0,0,1,0,0,0,0,1,0,0,0.12,0.12,0.73,0.26,0.05
259,PER,3.866324582995809,7.524726268125828,5.92,1.4175162984779592,1,0,1,0,1,0,0,1,0,1,0,0,1,0,1,0,0.0,0.7,0.03,0.95,0.0
260,PHL,3.5499920944737515,8.056768972101361,6.73,2.582305026780077,1,0,0,0,1,0,0,0,0,1,0,0,0,0,1,0,0.02,0.01,0.0,0.99,0.0
261,POL,4.276259856926194,7.566104413255688,7.04,2.080255271883642,1,0,1,0,1,0,0,0,0,1,0,0,0,0,1,0,0.02,0.25,0.13,0.93,0.0
262,PRT,4.391297213432951,7.018464651005688,7.95,2.056542627395048,1,0,1,0,1,0,0,1,1,0,0,0,1,1,0,0,0.01,0.85,0.72,0.32,0.0
263,QAT,4.947930784663462,6.424445980831303,3.65,2.3641259521430174,2,1,0,0,0,1,1,0,0,0,1,1,0,0,0,1,1.0,0.0,0.0,0.0,0.99
264,ROU,4.191950490664241,7.279860827848164,6.45,1.9179819591453744,1,0,0,0,1,0,0,0,1,0,0,0,0,1,0,0,0.01,0.08,0.66,0.19,0.08
265,RUS,4.193670304331802,8.159076479137687,2.28,0.9448455775387424,2,0,0,0,1,0,0,0,0,1,0,0,0,0,1,0,0.0,0.01,0.04,0.97,0.01
266,SAU,4.585576085600065,7.507521579092362,2.08,1.1751457428959664,2,1,1,0,0,1,1,1,0,0,1,1,1,0,0,1,1.0,0.97,0.0,0.0,0.98
267,SEN,3.1970124828779314,7.246771849205216,5.72,1.9622734383771716,1,1,0,0,0,1,1,0,0,0,1,1,0,0,0,1,1.0,0.0,0.0,0.02,0.99
268,SRB,4.000996380820808,6.823764248850933,6.33,1.899019896370985,1,1,1,1,0,0,1,1,1,0,0,1,1,1,0,0,0.99,0.73,1.0,0.01,0.01
269,SLE,2.93488943864221,6.917862828363974,5.03,2.0594459506404856,1,1,0,0,1,0,1,1,0,0,1,1,1,0,0,1,1.0,0.66,0.02,0.39,0.65
270,SGP,4.955683274910949,6.751049729774944,6.22,3.894925285532644,1,0,0,1,0,0,0,0,1,0,0,0,0,1,0,0,0.03,0.02,1.0,0.01,0.0
271,SVK,4.329084527138947,6.734939932942135,7.07,2.0529754739474524,1,0,0,1,0,0,0,0,1,0,0,0,0,1,0,0,0.0,0.0,0.97,0.01,0.0
272,SVN,4.45291808827673,6.324709541601725,7.75,2.020727711922595,1,1,0,1,0,0,1,1,1,0,0,1,1,1,0,0,0.96,0.75,0.96,0.08,0.0
273,ZAF,3.814474740154248,7.795034300574591,7.05,1.7111412778997674,1,1,1,1,0,0,1,0,1,0,0,1,0,1,0,0,0.99,0.13,0.98,0.0,0.0
274,ESP,4.481016276099207,7.679301605768037,8.07,1.9805803661884227,1,0,0,0,1,0,0,0,0,1,0,0,0,0,1,0,0.0,0.28,0.21,0.78,0.0
275,VCT,3.986483243576465,5.008795985906826,9.1,2.4177313788803265,1,1,1,1,0,0,1,1,1,0,0,1,1,1,0,0,1.0,0.73,0.98,0.0,0.0
276,SUR,3.78422052480475,5.794602356325383,6.95,0.5891067282906722,2,1,1,0,1,0,1,1,0,1,0,1,1,0,1,0,1.0,0.66,0.27,0.74,0.01
277,SWE,4.742701076749819,7.020648824650999,9.39,1.4107557406217166,2,0,1,1,0,0,0,1,1,0,0,0,1,1,0,0,0.0,0.98,1.0,0.0,0.0
278,CHE,4.974946739525307,6.943350452660204,9.14,2.346647490043064,1,0,0,1,0,0,0,0,1,0,0,0,0,1,0,0,0.0,0.0,0.99,0.0,0.0
279,TZA,3.0820140921519563,7.810983621103681,5.1,1.8636479451549408,1,1,0,0,1,0,1,0,1,0,0,1,0,1,0,0,0.99,0.03,0.76,0.17,0.03
280,THA,3.839437369998557,7.855733094453571,6.67,2.1474056924315588,2,1,1,0,1,0,1,1,0,1,0,1,1,0,1,0,0.96,0.64,0.07,0.96,0.0
281,TGO,2.953642843752007,6.958551365422837,2.99,2.223032306607666,1,1,0,0,0,1,1,0,0,0,1,1,0,0,0,1,1.0,0.0,0.0,0.01,1.0
282,TTO,4.31961351918792,6.13538869826995,7.16,2.425271333158134,1,1,0,0,0,1,1,0,0,0,1,1,0,0,0,1,1.0,0.0,0.05,0.24,0.68
283,TUN,3.569239049501644,7.083478754477777,5.51,1.8921395419138476,1,1,0,0,0,1,1,0,0,0,1,1,0,0,0,1,1.0,0.03,0.0,0.12,0.9
284,TUR,4.028347710722404,7.929316282135477,4.35,2.043034294076973,1,0,0,1,0,0,0,0,1,0,0,0,0,1,0,0,0.0,0.02,0.96,0.02,0.0
285,UGA,2.983656643488465,7.6749779071008755,4.55,2.3728202111598597,1,0,0,1,0,0,0,0,1,0,0,0,0,1,0,0,0.01,0.0,0.96,0.02,0.0
286,UKR,3.62321525882824,7.613300105975655,5.42,1.850321615107913,1,0,1,0,1,0,0,0,1,0,0,0,0,1,0,0,0.01,0.11,0.78,0.21,0.01
287,ARE,4.698092410554625,7.003244063370518,2.9,2.1518633954049218,2,1,0,0,1,0,1,0,0,1,0,1,0,0,1,0,0.99,0.03,0.03,0.91,0.01
288,GBR,4.663352138356587,7.829972393079711,8.28,2.446282667642107,1,0,1,1,0,0,0,1,1,0,0,0,1,1,0,0,0.0,0.89,0.94,0.03,0.0
289,USA,4.891319482432318,8.523768988427356,7.85,1.5624703684332888,2,0,1,1,0,0,0,1,1,0,0,0,1,1,0,0,0.0,0.8,0.99,0.01,0.0
290,URY,4.318451825672324,6.5303166473113725,8.91,1.2872289678059967,1,1,0,0,1,0,1,0,0,1,0,1,0,0,1,0,0.99,0.0,0.05,0.92,0.02
291,UZB,3.4113952446326232,7.54330991139332,2.12,1.89921416578576,1,0,1,1,0,0,0,1,1,0,0,0,1,1,0,0,0.01,0.57,0.99,0.0,0.0
292,VEN,3.498989270485825,7.45044953055068,2.23,1.5049563262480867,2,1,0,0,0,1,1,0,0,0,1,1,0,0,0,1,1.0,0.01,0.0,0.0,0.98
293,VNM,3.617807103388296,7.998610883066609,2.73,2.5024717060032704,1,1,1,0,1,0,1,1,0,1,0,1,1,0,1,0,1.0,0.92,0.21,0.83,0.0
294,ZMB,3.1605054765068874,7.304338368798492,5.8,1.4331216540807936,1,1,1,1,0,0,1,0,1,0,0,1,0,1,0,0,1.0,0.17,0.98,0.0,0.0
295,ZWE,3.309746514458222,7.205990364253516,2.92,1.6184477630598977,1,1,1,1,0,0,1,1,1,0,0,1,1,1,0,0,1.0,0.74,0.99,0.0,0.02
296,ALB,3.9332428067370215,6.438696104529472,6.28,2.0009455417090845,1,1,0,0,1,0,0,0,0,1,0,0,0,0,1,0,0.31,0.03,0.02,0.94,0.03
297,DZA,3.7294910321545545,7.66430549262361,3.66,1.2874111421637848,2,1,0,0,0,1,1,0,0,0,1,1,0,0,0,1,0.98,0.0,0.0,0.0,0.99
298,AGO,3.36352438465873,7.565256232570322,4.18,1.469494273092822,1,1,0,0,0,1,1,0,0,0,1,1,0,0,0,1,1.0,0.02,0.0,0.01,0.97
299,ARG,4.151905345739808,7.658377777068137,6.62,1.2211521718079277,1,1,0,1,0,0,0,0,1,0,0,0,0,1,0,0,0.32,0.3,0.93,0.09,0.0
300,ARM,3.9098380128807104,6.471922154014266,5.42,2.021681670068121,1,0,0,1,0,0,0,0,1,0,0,0,0,1,0,0,0.02,0.0,0.98,0.0,0.0
301,AUS,4.811815677553747,7.425742465630679,8.66,0.539702060854884,1,0,0,1,0,0,0,0,1,0,0,0,0,1,0,0,0.0,0.26,0.98,0.05,0.0
302,AUT,4.748448322426106,6.960554536442873,8.28,2.0439953171417597,1,0,0,1,0,0,0,0,1,0,0,0,0,1,0,0,0.0,0.06,1.0,0.01,0.0
303,AZE,3.85327395197004,7.006635362692187,2.8,2.08939250478472,2,1,0,0,0,1,1,0,0,0,1,1,0,0,0,1,1.0,0.0,0.0,0.0,0.98
304,BHS,4.582424455770676,5.601451553047053,9.1,1.6010174755677349,1,1,0,1,0,0,1,0,1,0,0,1,0,1,0,0,0.99,0.19,0.96,0.01,0.0
305,BHR,4.466721275834238,6.197847941201523,2.52,3.29475795420958,2,1,0,0,0,1,1,0,0,0,1,1,0,0,0,1,1.0,0.0,0.0,0.0,1.0
306,BGD,3.406713478448022,8.23418052414139,5.87,3.1203039915103385,1,1,0,0,0,1,1,0,0,0,0,1,0,0,0,0,0.98,0.01,0.0,0.02,0.3
307,BRB,4.376650397552454,5.450766257546638,9.4,2.817297801967052,1,1,0,1,0,0,1,0,1,0,0,1,0,1,0,0,0.99,0.23,0.96,0.01,0.0
308,BEL,4.737908672001883,7.071418868775346,7.64,2.58720447281315,2,1,0,1,0,0,1,0,1,0,0,1,0,1,0,0,1.0,0.32,0.9,0.1,0.0
309,BLZ,3.872738719849614,5.613953815257305,8.7,1.2558285299806558,1,1,0,0,1,0,1,0,1,0,0,1,0,1,0,0,1.0,0.12,0.68,0.33,0.01
310,BEN,3.1443181775522677,7.149558838278884,4.68,2.0974037710793194,1,1,0,0,0,1,1,0,0,0,1,1,0,0,0,1,1.0,0.02,0.0,0.01,0.95
311,BTN,3.584264412967163,5.89563522089814,5.54,1.3142545321881538,1,1,0,1,0,0,1,0,1,0,0,1,0,1,0,0,1.0,0.07,0.99,0.0,0.0
312,BOL,3.5665883157952245,7.087928960616106,4.2,1.0531802174696172,1,1,1,0,0,1,1,0,0,0,1,1,0,0,0,1,1.0,0.23,0.02,0.01,0.95
313,BIH,3.937669478960317,6.503119390559553,5.0,1.7938494295837215,1,0,0,1,0,0,0,0,1,0,0,0,0,1,0,0,0.01,0.02,0.99,0.0,0.0
314,BWA,3.893559474875989,6.394494407697584,7.73,0.6411182049561961,1,1,0,0,1,0,1,0,1,0,0,1,0,1,0,0,1.0,0.01,0.73,0.36,0.0
315,BRA,4.016096478337843,8.324572016698474,6.68,1.4024623753373546,1,1,1,0,1,0,0,0,0,1,0,0,0,0,1,0,0.33,0.21,0.05,0.96,0.0
316,BGR,4.200956101253592,6.809330454379192,6.41,1.773660619727512,2,0,0,1,0,0,0,0,1,0,0,0,0,1,0,0,0.0,0.23,0.71,0.15,0.0
317,BFA,2.9458081130505827,7.362214275430841,2.73,1.9250981823827624,1,1,0,0,0,1,1,0,0,0,1,1,0,0,0,1,1.0,0.0,0.0,0.0,0.96
318,BDI,2.283469271228104,7.136385999867858,2.13,2.726790980471042,1,1,0,0,0,1,1,0,0,0,1,1,0,0,0,1,1.0,0.01,0.01,0.0,1.0
319,CPV,3.686751694155234,5.717945801692665,7.65,2.112640755551556,1,1,0,1,0,0,1,0,1,0,0,1,0,1,0,0,0.99,0.27,0.76,0.25,0.0
320,KHM,3.385561328858462,7.241144871392572,3.05,1.9943509526174168,1,1,0,0,1,0,1,0,0,1,0,1,0,0,1,0,1.0,0.06,0.0,0.99,0.05
321,CMR,3.2397650411766428,7.452900467061763,2.56,1.7783056773273238,1,1,0,0,0,1,1,0,0,1,0,1,0,0,1,0,1.0,0.01,0.01,0.68,0.42
322,CAN,4.734162144506674,7.602965462764767,8.69,0.6590408225692861,2,0,1,1,0,0,0,1,1,0,0,0,1,1,0,0,0.01,0.96,0.99,0.0,0.0
323,CAF,2.6954631986957844,6.712011341639587,1.18,0.9175372372421536,1,1,0,0,0,1,1,0,0,0,1,1,0,0,0,1,1.0,0.0,0.0,0.0,1.0
324,TCD,2.995221992361565,7.285986081216003,1.67,1.185891366201014,2,1,0,0,0,1,1,0,0,0,1,1,0,0,0,1,1.0,0.0,0.0,0.01,1.0
325,CHL,4.232158116770614,7.293557777582448,7.98,1.4226673838814778,1,0,1,0,1,0,0,0,0,1,0,0,0,0,1,0,0.0,0.31,0.04,0.97,0.01
326,CHN,4.112309280365149,9.149437744906596,2.12,2.1768549493633844,1,1,0,1,0,0,1,0,1,0,0,1,0,1,0,0,1.0,0.02,1.0,0.02,0.0
327,COL,3.845149941618462,7.718677297658246,6.55,1.6735499910902183,1,1,0,0,1,0,1,0,0,1,0,1,0,0,1,0,0.98,0.09,0.01,0.99,0.01
328,COD,2.801675084435082,8.02444351281748,1.68,1.6689824141798768,1,1,0,0,0,1,1,0,0,0,1,1,0,0,0,1,1.0,0.0,0.0,0.0,0.99
329,COG,3.394097526005025,6.791191168813304,2.79,1.2578004607957527,1,1,0,0,0,1,1,0,0,0,1,1,0,0,0,1,1.0,0.0,0.0,0.0,1.0
330,CRI,4.22896536470679,6.708040407124156,8.29,1.999959596655925,1,1,0,0,1,0,1,0,0,1,0,1,0,0,1,0,0.96,0.13,0.06,0.92,0.02
331,CIV,3.407335326324485,7.4936762448365855,4.22,1.9912491248521529,2,1,0,0,1,0,1,0,0,0,1,1,0,0,0,1,0.99,0.04,0.04,0.3,0.7
332,HRV,4.33975854454375,6.58655197461626,6.5,1.8386742687964697,1,1,1,0,1,0,1,0,1,0,0,1,0,1,0,0,0.98,0.25,0.7,0.26,0.0
333,CYP,4.562904229558136,6.128714534776671,7.38,2.163042563556565,1,0,1,1,0,0,0,1,1,0,0,0,1,1,0,0,0.02,0.94,1.0,0.0,0.0
334,CZE,4.499564154684117,7.035991435906694,7.97,2.148558074603459,1,0,1,1,0,0,0,0,1,0,0,0,0,1,0,0,0.0,0.38,1.0,0.03,0.0
335,DNK,4.835398049706042,6.77429443316562,9.28,2.172234441837658,2,0,0,1,0,0,0,0,1,0,0,0,0,1,0,0,0.0,0.01,0.98,0.01,0.0
336,DMA,3.996203446965493,4.82288694783415,9.3,1.9478256844424504,1,1,0,0,0,0,1,0,0,0,0,1,0,0,0,0,0.96,0.26,0.03,0.17,0.01
337,DOM,4.026550903296094,7.054278396346405,6.44,2.371249198786737,1,1,0,0,0,1,1,0,0,0,1,1,0,0,0,1,1.0,0.0,0.0,0.06,0.97
338,ECU,3.8285211761768183,7.254791692200258,5.41,1.859710041026312,1,1,0,0,0,1,1,0,0,0,1,1,0,0,0,1,0.98,0.01,0.01,0.08,0.96
339,EGY,3.5386729573230027,8.058941147426166,2.93,2.0609216964926085,1,1,0,0,0,1,1,0,0,1,0,1,0,0,1,0,1.0,0.03,0.0,0.7,0.31
340,SLV,3.7296057404082217,6.800003479752758,4.71,2.483613728679562,1,1,0,0,1,0,1,0,0,1,0,1,0,0,1,0,0.99,0.11,0.04,0.95,0.0
341,GNQ,3.8246329808669737,6.266595965414584,1.92,1.8186630998224045,1,1,0,0,0,1,1,0,0,0,1,1,0,0,0,1,1.0,0.0,0.0,0.02,1.0
342,EST,4.479046759483097,6.136811220630005,7.96,1.5060783278128078,1,0,1,1,0,0,0,1,1,0,0,0,1,1,0,0,0.03,0.96,1.0,0.0,0.0
343,ETH,3.1044981685216846,8.109550510890257,3.37,2.0570494092874245,1,1,0,0,1,0,1,0,0,1,0,1,0,0,1,0,0.98,0.05,0.04,0.96,0.04
344,FJI,3.770022134404724,5.965740118145813,5.55,1.7040015707932756,1,1,1,1,0,0,1,1,1,0,0,1,1,1,0,0,0.99,0.89,0.95,0.0,0.04
345,FIN,4.722810823945608,6.746938487602763,9.3,1.2641220517645897,2,0,0,1,0,0,0,0,1,0,0,0,0,1,0,0,0.0,0.04,0.82,0.23,0.0
346,FRA,4.650219436358937,7.834341130845299,8.07,2.102792654584969,1,0,0,0,1,0,0,1,0,1,0,0,1,0,1,0,0.0,0.74,0.03,0.88,0.0
347,GAB,3.906948750703628,6.395289515795191,2.18,0.9842256583342668,1,1,0,0,0,1,1,0,0,0,1,1,0,0,0,1,1.0,0.0,0.02,0.0,1.0
348,GMB,2.948489942271024,6.431016994417275,4.47,2.425836481913495,1,1,1,0,1,0,1,0,0,1,0,1,0,0,1,0,0.97,0.31,0.07,0.94,0.02
349,GEO,3.918222768767341,6.570015278554159,5.2,1.7280929668747085,1,0,0,1,0,0,0,0,1,0,0,0,0,1,0,0,0.0,0.06,1.0,0.0,0.0
350,DEU,4.731914221814824,7.923771914806268,8.8,2.3804117265945264,2,0,1,1,0,0,0,1,1,0,0,0,1,1,0,0,0.0,0.98,0.99,0.0,0.0
351,GHA,3.37728878144614,7.528761380107122,6.3,2.17171698712032,1,0,0,0,1,0,0,0,0,1,0,0,0,0,1,0,0.03,0.02,0.0,1.0,0.0
352,GRC,4.369229366389602,7.0172666263967685,8.14,1.9070137090433656,2,0,0,1,0,0,0,0,1,0,0,0,0,1,0,0,0.0,0.16,0.82,0.17,0.0
353,GRD,4.053396838505245,5.068486423128232,8.9,2.537007506085977,1,1,0,0,1,0,1,1,0,1,0,1,1,0,1,0,1.0,0.86,0.01,0.79,0.23
354,GTM,3.7602949482230192,7.258274133531556,4.47,2.228241428595385,1,0,0,0,1,0,0,0,1,0,0,0,0,1,0,0,0.0,0.0,0.63,0.35,0.04
355,GUY,4.311196339951032,5.917165608098792,6.26,0.592595090879957,1,0,1,1,0,0,0,1,1,0,0,0,1,1,0,0,0.01,0.93,1.0,0.0,0.0
356,HTI,3.2319174383386864,7.065855887481877,2.81,2.6255766742462887,1,1,0,0,1,0,1,0,0,0,0,1,0,0,0,0,1.0,0.02,0.0,0.39,0.0
357,HND,3.5088605489068465,7.02713958683299,4.98,1.97834831298458,1,1,1,0,1,0,1,1,0,1,0,1,1,0,1,0,1.0,0.93,0.01,0.99,0.02
358,HUN,4.348541985974046,6.981917591482624,6.72,2.021637127045982,1,0,0,1,0,0,0,0,1,0,0,0,0,1,0,0,0.0,0.06,0.96,0.04,0.0
359,ISL,4.9028733076939295,5.594778050412017,9.45,0.5911882832228766,1,0,1,1,0,0,0,1,1,0,0,0,1,1,0,0,0.01,0.92,1.0,0.01,0.0
360,IND,3.4031411733240367,9.15777990442473,7.18,2.684557240993442,2,1,0,0,1,0,0,0,0,1,0,0,0,0,1,0,0.24,0.02,0.07,0.97,0.02
361,IDN,3.6880911062554183,8.448999975226588,6.53,2.1719513578804386,1,1,0,0,1,0,1,0,0,1,0,1,0,0,1,0,0.93,0.02,0.02,0.98,0.01
362,IRN,3.649883482519478,7.957169933000898,1.96,1.7469852275284914,2,1,0,0,0,1,1,0,0,0,1,1,0,0,0,1,1.0,0.01,0.0,0.0,0.99
363,IRL,5.016564551068125,6.724898185417229,9.19,1.8867420006650808,1,0,1,1,0,0,0,0,1,0,0,0,0,1,0,0,0.0,0.33,1.0,0.0,0.0
364,ISR,4.716034411892273,6.9933921374490025,7.8,2.6581348810144707,2,1,1,1,0,0,1,0,1,0,0,1,0,1,0,0,0.98,0.31,0.92,0.1,0.0
365,ITA,4.591792547177683,7.770803978960721,7.69,2.299923281435242,2,0,1,1,0,0,0,1,1,0,0,0,1,1,0,0,0.01,0.97,0.99,0.0,0.0
366,JAM,3.835038642228243,6.453285613807291,7.06,2.418657157181971,2,0,0,1,0,0,0,0,1,0,0,0,0,1,0,0,0.04,0.02,0.69,0.2,0.0
367,JPN,4.529381270505294,8.095227427894791,8.4,2.5334473692584525,1,0,0,0,1,0,0,0,0,1,0,0,0,0,1,0,0.01,0.1,0.05,0.95,0.0
368,JOR,3.649926803780863,7.05839614670226,3.04,2.110012526136813,1,1,1,0,1,0,1,0,0,1,0,1,0,0,1,0,1.0,0.3,0.0,0.95,0.01
369,KAZ,4.109896559614429,7.308139600306046,3.08,0.8768240937705212,2,1,0,0,1,0,1,0,0,1,0,1,0,0,1,0,0.99,0.01,0.01,0.96,0.02
370,KEN,3.290547572956129,7.743031330527758,5.05,1.9789476730895617,1,1,0,0,1,0,1,0,0,1,0,1,0,0,1,0,1.0,0.01,0.0,0.98,0.03
371,KOR,4.52010830911291,7.71359653329412,8.09,2.724146715627428,2,0,1,1,0,0,0,1,1,0,0,0,1,1,0,0,0.0,0.99,1.0,0.01,0.0
372,KGZ,3.330052814396169,6.85124305639062,3.7,1.5683944535559755,1,0,0,0,0,0,0,0,0,0,0,0,0,0,0,0,0.04,0.04,0.03,0.03,0.03
373,LAO,3.315329928578704,6.884511762574248,1.71,1.5212759580905535,1,1,1,0,0,1,1,0,0,0,0,1,0,0,0,0,1.0,0.13,0.04,0.0,0.34
374,LVA,4.355558378087604,6.273567223148176,7.38,1.4795674221637056,1,0,0,1,0,0,0,0,1,0,0,0,0,1,0,0,0.0,0.05,1.0,0.01,0.0
375,LBN,3.541295224641813,6.761438643595632,3.56,2.751563009883472,1,1,0,1,0,0,1,0,1,0,0,1,0,1,0,0,0.98,0.05,0.97,0.03,0.0
376,LSO,2.962029615079375,6.363888636982777,6.06,1.881586869759334,1,1,0,1,0,0,1,0,1,0,0,1,0,1,0,0,0.99,0.04,0.79,0.22,0.01
377,LBY,3.790483083262125,6.863659397156693,1.78,0.6182602529637052,1,1,0,0,0,1,1,0,0,0,1,1,0,0,0,1,1.0,0.01,0.0,0.01,0.95
378,LTU,4.44382612176454,6.458121676088057,7.31,1.6615473428776268,2,0,1,1,0,0,0,1,1,0,0,0,1,1,0,0,0.04,0.99,0.98,0.0,0.0
379,LUX,5.118620752413399,5.823754539030784,8.81,2.4130683905522186,1,1,0,0,1,0,1,0,0,1,0,1,0,0,1,0,1.0,0.02,0.01,0.91,0.03
380,MDG,2.706477469705196,7.4940979650076,5.26,1.7293242480965596,1,1,0,0,0,1,1,0,0,0,1,1,0,0,0,1,1.0,0.02,0.0,0.01,1.0
381,MWI,2.7798443145345466,7.324374697058897,5.85,2.349955123206611,1,1,0,0,0,1,1,0,0,0,1,1,0,0,0,1,0.99,0.0,0.0,0.0,1.0
382,MYS,4.056107348888442,7.545632381420527,7.29,2.0290309098939927,1,1,0,0,1,0,1,0,0,1,0,1,0,0,1,0,0.99,0.01,0.01,0.98,0.0
383,MLI,3.01530208024218,7.376013231116267,2.58,1.2895857696818411,1,1,0,0,0,1,1,0,0,0,1,1,0,0,0,1,1.0,0.0,0.0,0.01,1.0
384,MRT,3.3265044623309783,6.700914843673162,4.14,0.6877825676271587,1,1,0,0,0,1,1,0,0,0,1,1,0,0,0,1,1.0,0.01,0.0,0.01,1.0
385,MUS,4.048526733947022,6.100729206941275,8.14,2.8003511420705727,1,1,0,0,1,0,1,0,0,1,0,1,0,0,1,0,0.99,0.05,0.02,0.97,0.0
386,MEX,4.140700656651094,8.113073086864846,5.14,1.8243879965438048,1,0,0,1,0,0,0,1,1,0,0,0,1,1,0,0,0.01,0.65,0.8,0.17,0.0
387,MDA,3.832482467610837,6.390543535969962,6.23,1.8729518052580536,1,1,0,1,0,0,1,0,1,0,0,1,0,1,0,0,1.0,0.06,0.99,0.06,0.0
388,MNG,3.766311034830396,6.541722113312544,6.48,0.3490153663333238,1,1,1,1,0,0,1,0,0,0,1,1,0,0,0,1,0.99,0.25,0.36,0.04,0.71
389,MNE,4.081972540816507,5.794856657088159,6.67,1.666134372749732,1,0,1,1,0,0,0,0,1,0,0,0,0,1,0,0,0.02,0.27,0.93,0.01,0.0
390,MAR,3.5765079271043625,7.576485380762687,5.04,1.9268584939221576,1,0,0,0,1,0,0,0,0,1,0,0,0,0,1,0,0.01,0.02,0.0,0.95,0.0
391,MOZ,2.7944780217445726,7.526793497930872,3.51,1.6311610383764916,1,1,1,0,0,1,1,0,0,0,1,1,0,0,0,1,1.0,0.09,0.06,0.0,0.87
392,MMR,3.0910323405462905,7.73346849804208,0.85,1.918774847248796,1,1,0,0,1,0,1,0,0,0,0,1,0,0,0,0,0.99,0.04,0.08,0.16,0.09
393,NAM,3.6219657100442575,6.471745575649605,6.52,0.5561927353154488,1,1,0,0,1,0,1,0,0,1,0,1,0,0,1,0,0.98,0.18,0.02,0.96,0.0
394,NPL,3.1406119086068776,7.472677684259965,4.6,2.3162799869774617,1,1,0,0,1,0,1,0,1,0,0,1,0,1,0,0,0.99,0.02,0.69,0.37,0.02
395,NLD,4.810044278151853,7.252297482471915,9.0,2.7250543660838265,2,0,1,1,0,0,0,1,1,0,0,0,1,1,0,0,0.0,0.94,1.0,0.0,0.0
396,NZL,4.6871266220264935,6.719745492529577,9.61,1.2992781394533237,1,0,1,1,0,0,0,0,1,0,0,0,0,1,0,0,0.0,0.32,0.99,0.01,0.0
397,NIC,3.416548134348873,6.834014387923462,2.26,1.7536043807678254,1,1,0,0,0,1,1,0,0,0,1,1,0,0,0,1,1.0,0.01,0.0,0.0,1.0
398,NER,2.805049392786651,7.417635531650971,2.37,1.3149617611020443,1,1,0,0,0,1,1,0,0,0,1,1,0,0,0,1,1.0,0.01,0.0,0.0,1.0
399,NGA,3.203206178735919,8.357711823339429,4.23,2.398303106456748,1,1,0,0,1,0,0,0,1,0,0,0,0,1,0,0,0.31,0.03,0.69,0.39,0.05
400,MKD,3.9357230496295457,6.261932474654554,6.03,1.8601873924174903,1,1,0,1,0,0,1,0,1,0,0,1,0,1,0,0,0.95,0.28,0.98,0.03,0.0
401,NOR,4.941994795321931,6.741907133880588,9.81,1.180483728136742,2,0,1,1,0,0,0,1,1,0,0,0,1,1,0,0,0.0,0.76,0.99,0.04,0.0
402,OMN,4.321649852871771,6.703228508367034,3.12,1.212567855010897,2,1,0,0,0,1,1,0,0,0,1,1,0,0,0,1,0.99,0.0,0.0,0.0,1.0
403,PAK,3.1351865050426184,8.393583090687645,3.25,2.506596312369396,1,1,1,0,1,0,1,0,1,0,0,1,0,1,0,0,1.0,0.22,0.72,0.38,0.0
404,PAN,4.271525759533861,6.649213998970216,6.91,1.7789271699776246,1,1,0,0,0,1,1,0,1,0,0,1,0,1,0,0,0.99,0.01,0.65,0.09,0.26
405,PNG,3.4721811479897133,7.016600290553297,6.03,1.3606363283301692,1,1,1,1,0,0,1,0,1,0,0,1,0,1,0,0,1.0,0.29,0.99,0.0,0.0
406,PRY,3.799339878387877,6.835319265380759,6.0,1.237610886315699,1,0,0,1,0,0,0,0,1,0,0,0,0,1,0,0,0.02,0.21,0.82,0.18,0.0
407,PER,3.8969416770600263,7.529502435622017,5.81,1.4222924659741485,1,0,1,0,1,0,0,0,0,1,0,0,0,0,1,0,0.0,0.29,0.06,0.93,0.01
408,PHL,3.5802499545597986,8.060286761741999,6.66,2.585822816420714,1,0,0,0,1,0,0,0,0,1,0,0,0,0,1,0,0.02,0.01,0.0,0.99,0.0
409,POL,4.345280868057572,7.564516378450858,7.18,2.0784119199157245,1,0,0,0,1,0,0,1,1,0,0,0,1,1,0,0,0.02,0.75,0.72,0.38,0.0
410,PRT,4.437533235353359,7.024410706435882,7.75,2.0624886828252413,1,0,1,1,0,0,0,1,1,0,0,0,1,1,0,0,0.0,0.91,0.99,0.0,0.0
411,QAT,4.904152028353365,6.424233303128097,3.65,2.3639132744398115,2,1,0,0,0,1,1,0,0,0,1,1,0,0,0,1,1.0,0.0,0.0,0.0,0.99
412,ROU,4.2649186688098455,7.280111024816599,6.45,1.9182321561138105,1,0,0,1,0,0,0,1,1,0,0,0,1,1,0,0,0.01,0.61,0.74,0.26,0.0
413,RUS,4.151044473248056,8.157837794836155,2.22,0.9436068932372104,2,0,0,0,1,0,0,0,0,1,0,0,0,0,1,0,0.01,0.03,0.01,0.97,0.01
414,SAU,4.558190567566655,7.527665094051589,2.08,1.195289257855193,2,1,1,0,0,1,1,1,0,0,1,1,1,0,0,1,0.99,0.92,0.0,0.0,0.98
415,SEN,3.229946349461477,7.257140123956885,5.48,1.97264171312884,1,1,0,0,0,1,1,0,0,0,1,1,0,0,0,1,1.0,0.0,0.0,0.04,0.94
416,SRB,4.089251619390102,6.821066754864526,6.33,1.8963224023845768,1,1,1,1,0,0,1,0,1,0,0,1,0,1,0,0,0.98,0.29,1.0,0.02,0.0
417,SLE,2.8795824988272583,6.927396645786828,4.32,2.068979768063339,1,1,1,0,0,1,1,0,1,0,0,1,0,1,0,0,1.0,0.07,0.61,0.03,0.25
418,SGP,4.931520062622752,6.77214912841431,6.18,3.91602468417201,1,0,0,1,0,0,0,0,1,0,0,0,0,1,0,0,0.03,0.02,1.0,0.01,0.0
419,SVK,4.392231609781311,6.734539014638216,7.07,2.052574555643533,1,0,0,1,0,0,0,0,1,0,0,0,0,1,0,0,0.0,0.08,1.0,0.0,0.0
420,SVN,4.513352276053648,6.326430289226498,7.75,2.022489439983179,1,1,1,1,0,0,1,1,1,0,0,1,1,1,0,0,0.97,0.8,1.0,0.0,0.0
421,ZAF,3.779779876442453,7.800802169674714,7.05,1.7169091469998905,1,1,0,1,0,0,1,0,1,0,0,1,0,1,0,0,0.98,0.2,0.87,0.07,0.02
422,ESP,4.525161633367841,7.684377704994294,8.07,1.985670615244704,1,0,0,0,1,0,0,1,1,0,0,0,1,1,0,0,0.0,0.67,0.61,0.33,0.0
423,VCT,4.024582764455065,5.005708040022552,9.1,2.414643432996052,1,1,1,1,0,0,1,0,1,0,0,1,0,1,0,0,1.0,0.36,0.99,0.0,0.0
424,SUR,3.73989451211206,5.798571926752045,6.88,0.5930762987173344,2,1,1,0,1,0,1,0,1,0,0,1,0,1,0,0,1.0,0.21,0.72,0.3,0.03
425,SWE,4.7448176460051945,7.0227018122461295,9.39,1.4128193916379252,2,0,1,1,0,0,0,1,1,0,0,0,1,1,0,0,0.0,0.98,1.0,0.0,0.0
426,CHE,5.002735252870592,6.94880859016948,9.14,2.3521056275523398,1,0,0,1,0,0,0,0,1,0,0,0,0,1,0,0,0.0,0.03,0.99,0.0,0.0
427,TZA,3.087955109388494,7.823589021635389,5.35,1.8762533456866488,1,1,0,1,0,0,1,0,1,0,0,1,0,1,0,0,0.98,0.04,0.79,0.18,0.0
428,THA,3.857036913312844,7.855533904469849,6.35,2.1472065024478364,2,1,1,0,1,0,1,0,0,1,0,1,0,0,1,0,0.97,0.24,0.07,0.98,0.0
429,TGO,2.993743660630307,6.968685432007351,2.99,2.23316637319218,1,1,0,0,0,1,1,0,0,0,1,1,0,0,0,1,1.0,0.0,0.0,0.01,1.0
430,TTO,4.270428648693339,6.135930510821878,7.16,2.4258131457100616,1,1,0,0,0,1,1,0,0,1,0,1,0,0,1,0,0.99,0.0,0.05,0.64,0.3
431,TUN,3.5966383617548408,7.086375173102242,5.51,1.8950359605383125,1,1,0,0,0,1,1,0,0,1,0,1,0,0,1,0,1.0,0.01,0.0,0.61,0.38
432,TUR,4.117458847178005,7.931081208662428,4.33,2.0447992206039243,1,0,0,1,0,0,0,0,1,0,0,0,0,1,0,0,0.0,0.04,0.97,0.03,0.0
433,UGA,3.0010016902875742,7.687141767182078,4.49,2.384984071241062,1,0,0,1,0,0,0,0,1,0,0,0,0,1,0,0,0.01,0.01,0.96,0.07,0.0
434,UKR,3.710929163657677,7.576719448001519,5.06,1.8137409571337764,1,0,0,1,0,0,0,0,1,0,0,0,0,1,0,0,0.0,0.2,0.95,0.12,0.0
435,ARE,4.690556614138164,7.020516697451003,3.01,2.169136029485407,2,1,0,0,1,0,1,0,0,1,0,1,0,0,1,0,0.99,0.04,0.03,0.93,0.01
436,GBR,4.691972254025759,7.835639848006979,8.28,2.4519501225693747,1,0,1,1,0,0,0,1,1,0,0,0,1,1,0,0,0.0,0.91,0.95,0.0,0.0
437,USA,4.91542421637569,8.5273801174591,7.85,1.5660814974650323,2,0,1,1,0,0,0,0,1,0,0,0,0,1,0,0,0.0,0.34,0.99,0.01,0.0
438,URY,4.362094417573166,6.5299537846080575,8.66,1.286866105102681,1,1,0,0,1,0,1,0,0,1,0,1,0,0,1,0,0.99,0.05,0.07,0.9,0.02
439,UZB,3.4592369572941517,7.552087637552622,2.12,1.907993863094483,1,0,1,1,0,0,0,0,1,0,0,0,0,1,0,0,0.01,0.2,0.99,0.0,0.0
440,VEN,3.5584155843227427,7.451799540891484,2.31,1.5063063365888911,2,1,0,0,0,1,1,0,0,0,1,1,0,0,0,1,1.0,0.01,0.0,0.01,0.97
441,VNM,3.635820427715588,8.001526863252076,2.62,2.5053876861887376,1,1,1,0,1,0,1,1,1,0,0,1,1,1,0,0,1.0,0.88,0.67,0.26,0.0
442,ZMB,3.12408923162611,7.316472850150515,5.8,1.4452561354328175,1,1,0,1,0,0,1,0,1,0,0,1,0,1,0,0,1.0,0.12,0.95,0.01,0.0
443,ZWE,3.3336556240399897,7.213273899264025,3.04,1.6257312980704068,1,1,1,1,0,0,1,0,1,0,0,1,0,1,0,0,1.0,0.31,0.98,0.0,0.0
