Country Code,Country,Net Trade Status,Price Control in 2021,Subsidy in 2021,Tax Reduction in 2021,Price Control in 2022,Subsidy in 2022,Tax Reduction in 2022,Price Control in 2023,Subsidy in 2023,Tax Reduction in 2023,Price Control in 2024,Subsidy in 2024,Tax Reduction in 2024,gdp data in 2020,gdp data in 2021,gdp data in 2022,gdp data in 2023,population data in 2020,population data in 2021,population data in 2022,population data in 2023,land area data in 2020,land area data in 2021,land area data in 2022,land area data in 2023,democracy index data in 2020,democracy index data in 2021,democracy index data in 2022,democracy index data in 2023
ALB,Albania ,1,0,1,0,1,1,0,1,1,0,0,1,0,5370.77749956875,6413.28280828537,6846.42669381643,8575.17134637222,2837849.0,2811666.0,2777689.0,2745972.0,27400.0,27400.0,27400.0,27400.0,6.08,6.11,6.41,6.28
DZA,Algeria ,2,1,2,0,1,2,0,1,2,0,1,2,0,3743.5419522929,4160.55926736925,4961.55257664733,5364.02795022731,44042091.0,44761099.0,45477389.0,46164219.0,2381740.0,2381740.0,2381740.0,2381740.0,3.77,3.77,3.66,3.66
AGO,Angola ,1,1,2,0,1,2,0,1,2,0,1,2,0,1449.92286669308,1925.87466082167,2929.69445467272,2309.53413042773,33451132.0,34532429.0,35635029.0,36749906.0,1246700.0,1246700.0,1246700.0,1246700.0,3.66,3.37,3.96,4.18
ARG,Argentina ,1,1,0,0,1,0,1,1,0,0,0,0,0,8535.59938004389,10738.0179223384,13935.6811110049,14187.4827252965,45191965.0,45312281.0,45407904.0,45538401.0,2736690.0,2736690.0,2736690.0,2736690.0,6.95,6.81,6.85,6.62
ARM,Armenia ,1,0,0,0,0,0,0,0,0,0,0,0,0,4268.68093304583,4685.17997128509,6571.97445545099,8125.27395754003,2961500.0,2962300.0,2969200.0,2964300.0,28197.41,28197.09,28198.32,28199.44,5.35,5.49,5.63,5.42
AUS,Australia ,1,0,0,0,0,0,1,0,0,0,0,0,0,51791.540179984,60607.7788605166,64997.0136536475,64835.9199754535,25649248.0,25685412.0,26014399.0,26652777.0,7692020.0,7692020.0,7692020.0,7692020.0,8.96,8.9,8.71,8.66
AUT,Austria ,1,0,0,0,0,0,0,0,0,0,0,0,0,48716.4098900349,53648.7190742245,52176.6649141178,56033.573792065,8916864.0,8955797.0,9041851.0,9131761.0,82520.0,82520.0,82520.0,82520.0,8.16,8.07,8.2,8.28
AZE,Azerbaijan ,2,1,2,0,1,2,0,1,2,0,1,2,0,4229.91064904503,5408.04535175023,7770.594223351,7133.02838048328,10093121.0,10137750.0,10141756.0,10153958.0,82646.0,82650.0,82650.0,82650.0,2.68,2.68,2.87,2.8
BHS,"Bahamas, The ",1,1,0,0,1,0,1,1,0,0,1,0,0,26178.7537607708,30367.8605757708,34957.1613279737,38231.774484278,395863.0,396373.0,397538.0,399440.0,10010.0,10010.0,10010.0,10010.0,9.1,9.1,9.1,9.1
BHR,Bahrain ,2,1,2,0,1,2,0,1,2,0,1,2,0,24342.8444554718,27147.8083882286,30470.5219276023,29290.1284215098,1472204.0,1504365.0,1524693.0,1577059.0,785.0,790.0,790.0,800.0,2.49,2.52,2.52,2.52
BGD,Bangladesh ,1,1,2,0,1,2,0,1,2,0,1,3,0,2248.85078828233,2482.84917843357,2716.48592780431,2551.01773827307,166298024.0,167658854.0,169384897.0,171466990.0,130170.0,130170.0,130260.0,129980.0,5.99,5.99,5.99,5.87
BRB,Barbados ,1,1,0,0,1,0,1,1,0,0,1,0,0,18347.1109131055,18696.7858952957,22164.0260273876,23804.0249914995,281698.0,282147.0,282318.0,282336.0,430.0,430.0,430.0,430.0,9.5,9.5,9.5,9.4
BEL,Belgium ,2,1,0,0,1,0,1,1,0,0,1,0,0,45906.2875805246,51658.238294958,50822.2518538518,54690.0942734964,11538604.0,11586195.0,11680210.0,11787423.0,30494.0,30494.0,30494.0,30494.0,7.51,7.51,7.64,7.64
BLZ,Belize ,1,1,0,0,1,1,1,1,1,0,1,0,0,5227.19363786168,6122.61158580079,7068.45478269722,7459.99815132837,390812.0,395346.0,402733.0,411106.0,22810.0,22810.0,22810.0,22810.0,8.7,8.7,8.7,8.7
BEN,Benin ,1,1,2,0,1,2,0,1,2,0,1,2,0,1200.19426631122,1318.65158107487,1266.42710981159,1394.17784663045,13070169.0,13413417.0,13759501.0,14111034.0,112760.0,112760.0,112760.0,112760.0,4.58,4.19,4.28,4.68
BTN,Bhutan ,1,1,0,0,1,0,0,1,0,0,1,0,0,3191.66906999331,3570.61257980872,3711.32767981591,3839.4093039286,770006.0,775442.0,780914.0,786385.0,38140.0,38140.0,38140.0,38140.0,5.71,5.71,5.54,5.54
BOL,Bolivia ,1,1,2,0,1,2,1,1,2,1,1,2,0,3099.94219053514,3384.84486462654,3643.92826984604,3686.27996442176,11816299.0,11937360.0,12077154.0,12244159.0,1083300.0,1083300.0,1083300.0,1083300.0,5.08,4.65,4.51,4.2
BIH,Bosnia & Herzegovina ,1,0,0,0,0,0,0,0,0,0,0,0,0,6130.31133245161,7295.3438240957,7655.59421024383,8663.02322987879,3299349.0,3244907.0,3204802.0,3185073.0,51200.0,51200.0,51200.0,51200.0,4.84,5.04,5.0,5.0
BWA,Botswana ,1,1,1,0,1,1,0,1,1,0,1,0,0,6323.29749806946,7807.88794500125,8328.70905682185,7826.35376483298,2365894.0,2401441.0,2439892.0,2480244.0,566730.0,566730.0,566730.0,566730.0,7.62,7.73,7.73,7.73
BRA,Brazil ,1,0,1,0,0,1,1,1,1,1,0,1,0,7074.19378337644,7972.5366498646,9281.33334441234,10377.5892792557,208660842.0,209550294.0,210306415.0,211140729.0,8358140.0,8358140.0,8358140.0,8358140.0,6.92,6.86,6.78,6.68
BGR,Bulgaria ,2,0,0,0,0,1,1,0,0,0,0,0,0,10769.9475699414,12972.2173356002,13999.6719197289,15883.8618545581,6550696.0,6507301.0,6465097.0,6446596.0,108560.0,108560.0,108560.0,108560.0,6.71,6.64,6.53,6.41
BFA,Burkina Faso ,1,1,2,0,1,2,0,1,2,0,1,2,0,825.237038782475,895.535288442991,836.118304593682,882.689810086163,21478690.0,21995243.0,22509038.0,23025776.0,273600.0,273600.0,273600.0,273600.0,3.73,3.84,3.08,2.73
BDI,Burundi ,1,1,2,0,1,2,0,1,2,0,1,2,0,210.008139902508,214.091455416133,250.634225368744,192.074305359351,12617036.0,12965481.0,13321097.0,13689450.0,25680.0,25680.0,25680.0,25680.0,2.14,2.13,2.13,2.13
CPV,Cabo Verde,1,1,0,0,1,1,1,1,0,0,1,0,0,3539.22661248299,3971.44409203423,4323.31362032709,4861.29184126229,514679.0,516649.0,519741.0,522331.0,4030.0,4030.0,4030.0,4030.0,7.65,7.65,7.65,7.65
KHM,Cambodia ,1,1,1,0,1,1,0,1,1,0,1,1,0,2081.73914242939,2167.40324198499,2325.03050040841,2429.74853452838,16725474.0,16974305.0,17201724.0,17423880.0,176520.0,176520.0,176520.0,176520.0,3.1,2.9,3.18,3.05
CMR,Cameroon ,1,1,2,0,1,2,0,1,2,0,1,1,0,1555.60370660749,1672.32657340872,1604.87726954895,1736.86091073524,26210558.0,26915758.0,27632771.0,28372687.0,472710.0,472710.0,472710.0,472710.0,2.77,2.56,2.56,2.56
CAN,Canada ,2,0,0,0,0,0,1,0,0,1,0,0,1,43537.839298904,52886.6616372703,56256.8007264015,54220.3285039875,38028638.0,38239864.0,38935934.0,40083484.0,8965590.0,8788700.0,8788700.0,8788700.0,9.24,8.87,8.88,8.69
CAF,Central African Rep. ,1,1,2,0,1,2,0,1,2,0,1,2,0,462.879071294011,492.263142830507,467.359825026238,495.978897288721,5026628.0,5112100.0,5098039.0,5152421.0,622980.0,622980.0,622980.0,622980.0,1.32,1.43,1.35,1.18
TCD,Chad ,2,1,2,0,1,2,0,1,2,0,1,2,0,866.947814890409,946.358500208374,966.036468278568,989.058528968588,17224679.0,17828273.0,18455316.0,19319064.0,1259200.0,1259200.0,1259200.0,1259200.0,1.55,1.67,1.67,1.67
CHL,Chile ,1,0,1,1,0,1,1,0,1,1,0,1,0,13114.815470545,16206.8325493421,15405.6165774073,17067.0364799154,19370624.0,19456334.0,19553036.0,19658835.0,742831.64,742831.64,742831.64,742831.64,8.28,7.92,8.22,7.98
CHN,China ,1,1,0,0,1,0,0,1,0,0,1,0,0,10627.4637989619,12887.4357242941,12970.6056414327,12951.1782397043,1411100000.0,1412360000.0,1412175000.0,1410710000.0,9388210.0,9388210.0,9388210.0,9388210.0,2.27,2.21,1.94,2.12
COL,Colombia ,1,1,1,0,1,1,0,1,1,0,1,1,0,5339.68711357943,6222.62164397614,6680.44506854481,7000.83660501046,50629997.0,51188173.0,51737944.0,52321152.0,1109500.0,1109500.0,1109500.0,1109500.0,7.04,6.48,6.72,6.55
COD,"Congo, Dem. Rep. ",1,1,2,0,1,2,0,1,2,0,1,2,0,507.521230077872,558.034077296358,642.612267148918,633.395661686298,95989998.0,99148932.0,102396968.0,105789731.0,2267050.0,2267050.0,2267050.0,2267050.0,1.13,1.4,1.48,1.68
COG,"Congo, Repub. of the ",1,1,2,0,1,2,0,1,2,0,1,2,0,1993.586671931,2516.16255145432,2620.83804304713,2477.97845477092,5752791.0,5892183.0,6035104.0,6182885.0,341500.0,341500.0,341500.0,341500.0,3.11,2.79,2.79,2.79
CRI,Costa Rica ,1,1,1,0,1,1,1,1,1,0,1,1,0,12394.0493969354,12838.1185359009,13625.9008491478,16942.0268119304,5034320.0,5059988.0,5081765.0,5105525.0,51060.0,51060.0,51060.0,51060.0,8.16,8.07,8.29,8.29
CIV,Cote d'Ivoire ,2,1,1,0,1,2,0,1,1,0,1,2,0,2179.72934832935,2455.98127626488,2333.37128334477,2554.67304885576,28915449.0,29639736.0,30395002.0,31165654.0,318000.0,318000.0,318000.0,318000.0,4.11,4.22,4.22,4.22
HRV,Croatia ,1,1,0,0,1,1,1,1,1,1,1,0,0,14808.4620188819,17789.9304736722,18466.0955472648,21865.4562838641,3914206.0,3878981.0,3855641.0,3859686.0,55960.0,55960.0,55960.0,55960.0,6.5,6.5,6.5,6.5
CYP,Cyprus ,1,0,0,0,0,0,1,0,0,1,0,0,1,28649.015625,33734.03515625,33894.44921875,36551.41796875,1302247.0,1317309.0,1331370.0,1344976.0,9240.0,9240.0,9240.0,9240.0,7.56,7.43,7.38,7.38
CZE,Czech Republic ,1,0,0,0,0,0,1,0,0,1,0,0,0,23472.8915454417,27696.4619527544,28282.2236715857,31591.0568216357,10697858.0,10505772.0,10672118.0,10864042.0,77198.53,77186.83,77171.73,77167.31,7.67,7.74,7.97,7.97
DNK,Denmark ,2,0,0,0,0,0,0,0,0,0,0,0,0,60985.4885601514,69727.9873677012,68091.3191138669,68453.8769281145,5831404.0,5856733.0,5903037.0,5946952.0,40000.0,40000.0,40000.0,40000.0,9.15,9.09,9.28,9.28
DMA,Dominica ,1,1,1,0,1,1,1,1,3,0,1,3,0,7827.74842680426,8376.40414141113,9323.66089490562,9912.96212766668,67573.0,67202.0,66826.0,66510.0,750.0,750.0,750.0,750.0,9.3,9.3,9.3,9.3
DOM,Dominican Republic ,1,1,1,0,1,2,0,1,2,0,1,2,0,7135.22273255899,8527.0754858205,10104.2449349081,10630.431743829,11008300.0,11123476.0,11230734.0,11331265.0,48198.02,48198.02,48198.02,48198.02,6.32,6.45,6.39,6.44
ECU,Ecuador ,1,1,1,0,1,2,0,1,2,0,1,2,0,5463.64515348598,6061.32350181711,6515.58528418336,6737.84748379638,17546065.0,17682454.0,17823897.0,17980083.0,248360.0,248360.0,248360.0,248360.0,6.13,5.71,5.69,5.41
EGY,Egypt,1,1,2,0,1,2,0,1,2,0,1,1,0,3511.11381026379,3827.35415374308,4233.30783744856,3456.78968456253,109315124.0,110957008.0,112618250.0,114535772.0,995450.0,995450.0,995450.0,995450.0,2.93,2.93,2.93,2.93
SLV,El Salvador ,1,1,1,0,1,1,1,1,1,0,1,1,0,3997.19279583709,4642.60743101342,5074.60210221806,5365.44491399171,6234673.0,6255782.0,6280319.0,6309624.0,20720.0,20720.0,20720.0,20720.0,5.9,5.72,5.06,4.71
GNQ,Equatorial Guinea ,1,1,2,0,1,2,0,1,2,0,1,2,0,5764.05502912947,6945.63069794539,7589.29964909381,6677.793435386,1716468.0,1758786.0,1803545.0,1847549.0,28050.0,28050.0,28050.0,28050.0,1.92,1.92,1.92,1.92
EST,Estonia ,1,0,0,1,0,0,1,0,0,1,0,0,1,23933.9939421065,27953.7670230126,28451.1477825175,30133.304450454,1329522.0,1330932.0,1348840.0,1370286.0,42750.0,42750.0,42730.0,42730.0,7.84,7.84,7.96,7.96
ETH,Ethiopia ,1,1,1,0,1,1,0,1,1,0,1,1,0,905.313159254148,910.947887074508,1011.07332413462,1272.0323857425078,118917671.0,122138588.0,125384287.0,128691692.0,1128571.4,1128505.6,1128498.8,1128498.8,3.38,3.3,3.17,3.37
FJI,Fiji ,1,1,0,0,1,0,1,1,0,1,1,0,1,4844.42127154524,4696.17103944634,5405.03006162671,5888.73667332429,914963.0,916711.0,919422.0,924145.0,18270.0,18270.0,18270.0,18270.0,5.72,5.61,5.55,5.55
FIN,Finland ,2,0,0,0,0,1,0,0,0,0,0,0,0,48828.6846862799,53099.1351400148,50440.560224974,52821.5114340717,5529543.0,5541017.0,5556106.0,5583911.0,303940.0,303947.7,303947.7,303960.0,9.2,9.27,9.29,9.3
FRA,France ,1,0,0,0,0,1,0,0,1,0,0,1,1,39169.8606000707,43725.0999521245,41082.8119320747,44690.9345395117,67601110.0,67842811.0,68065015.0,68287487.0,538950.0,538950.0,538950.0,538950.0,7.99,7.99,8.07,8.07
GAB,Gabon ,1,1,1,0,1,2,0,1,2,0,1,2,0,6605.80346077904,8181.40914134398,8409.20741452279,8071.39777400455,2322539.0,2376722.0,2430747.0,2484789.0,257670.0,257670.0,257670.0,257670.0,3.54,3.4,3.4,2.18
GMB,"Gambia, The ",1,1,3,0,1,1,1,1,1,1,1,1,0,720.335143352133,781.890925169531,836.244875582631,888.157407441902,2515733.0,2576010.0,2636470.0,2697845.0,10120.0,10120.0,10120.0,10120.0,4.49,4.41,4.47,4.47
GEO,Georgia ,1,0,1,1,0,0,0,0,0,0,0,0,0,4300.85701291207,5083.60695484577,6729.84659930283,8283.66960652261,3722716.0,3708610.0,3712502.0,3715483.0,69490.0,69490.0,69490.0,69490.0,5.31,5.12,5.2,5.2
DEU,Germany ,2,0,0,1,0,0,1,0,0,1,0,0,1,47379.765194548,52265.6541620571,49686.1154582583,53940.4073447462,83160871.0,83196078.0,83797985.0,83901923.0,349390.0,349390.0,349360.0,349430.0,8.67,8.67,8.8,8.8
GHA,Ghana ,1,0,1,0,0,1,0,0,1,0,0,1,0,2195.45481659987,2445.18662529344,2229.89122647803,2383.90410483418,31887809.0,32518665.0,33149152.0,33787914.0,227530.0,227533.0,227533.0,227533.0,6.5,6.5,6.43,6.3
GRC,Greece ,2,0,0,0,0,1,0,0,0,0,0,0,0,17886.733165236,20654.7001960815,20971.8349258283,23400.7278817691,10698599.0,10569207.0,10436882.0,10405588.0,128900.0,128900.0,128900.0,128900.0,7.39,7.56,7.97,8.14
GRD,Grenada ,1,1,1,0,1,2,1,1,1,0,1,1,1,8968.55890108484,9622.24050459345,10535.4588771454,11308.2874249451,116341.0,116688.0,116913.0,117081.0,340.0,340.0,340.0,340.0,8.9,8.9,8.9,8.9
GTM,Guatemala ,1,0,1,0,0,1,0,0,1,0,0,0,0,4477.61761796418,4912.62225721201,5358.70127494396,5758.30876298845,17357325.0,17598650.0,17847877.0,18124838.0,107160.0,107160.0,107160.0,107160.0,4.97,4.62,4.68,4.47
GUY,Guyana ,1,0,0,1,0,0,1,0,0,1,0,0,1,6775.70939096303,9860.87014834386,17913.4928066879,20473.7002190617,807481.0,815482.0,821637.0,826353.0,211140.0,211140.0,211140.0,211140.0,6.01,6.25,6.34,6.26
HTI,Haiti ,1,1,1,0,1,1,0,1,1,0,1,3,0,1290.32538667383,1835.44394078496,1760.62635668777,1705.75808460999,11243848.0,11374586.0,11503606.0,11637398.0,27560.0,27560.0,27560.0,27560.0,4.22,3.48,2.81,2.81
HND,Honduras ,1,1,1,0,1,1,1,1,1,1,1,1,1,2307.61494319511,2735.14751503977,3003.28996826399,3227.45762509776,10119640.0,10289877.0,10463872.0,10644851.0,111890.0,111890.0,111890.0,111890.0,5.36,5.1,5.15,4.98
HUN,Hungary ,1,1,1,0,1,1,0,0,0,0,0,0,0,16386.9308821258,19030.628130329,18483.6366867035,22312.1790289763,9670419.0,9630932.0,9605074.0,9592186.0,91260.0,91260.0,91260.0,91260.0,6.56,6.5,6.64,6.72
ISL,Iceland ,1,0,0,1,0,0,1,0,0,1,0,0,1,59023.5663465778,69178.4046960961,75121.0152280628,79960.0961535662,366463.0,372520.0,382003.0,393349.0,100830.0,100830.0,100830.0,100830.0,9.37,9.18,9.52,9.45
IND,India ,2,0,1,0,1,1,0,1,1,0,0,1,0,1907.04251637669,2239.61384367482,2347.44829434623,2530.12031278204,1402617695.0,1414203896.0,1425423212.0,1438069596.0,2973190.0,2973190.0,2973190.0,2973190.0,6.61,6.91,7.04,7.18
IDN,Indonesia ,1,1,1,0,1,1,0,1,1,0,1,1,0,3853.70288774146,4287.17313995098,4730.83484836107,4876.30774512252,274814866.0,276758053.0,278830529.0,281190067.0,1877519.0,1892555.47,1892555.47,1892555.47,6.3,6.71,6.71,6.53
IRN,Iran ,2,1,2,0,1,2,0,1,2,0,1,2,0,2988.78122414716,4334.79268631354,4405.09291519791,4465.63766853306,87723443.0,88455488.0,89524246.0,90608707.0,1622500.0,1622500.0,1622500.0,1622500.0,2.2,1.95,1.96,1.96
IRL,Ireland ,1,0,0,0,0,0,1,0,0,1,0,0,0,86622.5067251295,103961.976350649,105234.511567597,103887.800388081,5039747.0,5110585.0,5212836.0,5307600.0,68890.0,68890.0,68890.0,68890.0,9.05,9.0,9.13,9.19
ISR,Israel ,2,1,0,0,1,1,1,1,0,1,1,0,0,44575.5719045492,52270.9040241956,54949.621556429,52003.7200729997,9215100.0,9371400.0,9557500.0,9849000.0,21640.0,21640.0,21640.0,21640.0,7.84,7.97,7.93,7.8
ITA,Italy ,2,0,0,0,0,0,1,0,0,1,0,0,1,32091.4866621366,36852.5425414951,35653.9042103495,39065.4244365633,59438851.0,59133173.0,59013667.0,58993475.0,295717.0,295717.0,295720.0,295720.0,7.74,7.68,7.69,7.69
JAM,Jamaica ,2,0,0,0,0,1,0,0,0,0,0,0,0,4879.44025773374,5165.33782130331,6022.15339791763,6839.72502408181,2830739.0,2837682.0,2839144.0,2839786.0,10830.0,10830.0,10830.0,10830.0,7.13,7.13,7.13,7.06
JPN,Japan ,1,0,0,0,0,1,0,0,1,0,0,1,0,40028.7341726762,40094.5599795288,34065.6438962526,33836.1756271617,126261000.0,125681593.0,125124989.0,124516650.0,364500.0,364500.0,364500.0,364569.27,8.13,8.15,8.33,8.4
JOR,Jordan ,1,1,1,0,1,1,1,1,1,1,1,1,0,4022.0401356135,4183.49998326866,4332.25159897931,4466.08314208575,10865228.0,11066356.0,11256263.0,11439213.0,88794.0,88794.0,88794.0,88794.0,3.62,3.49,3.17,3.04
KAZ,Kazakhstan ,2,1,1,0,1,1,0,1,1,0,1,1,0,8781.50797787648,9983.60103576902,11255.3396437881,12879.4275257974,19482117.0,19743603.0,20034609.0,20330104.0,2699700.0,2699700.0,2699700.0,2699700.0,3.14,3.08,3.08,3.08
KEN,Kenya ,1,1,1,0,1,1,0,1,1,0,1,1,0,1927.66459027849,2061.35622089594,2109.56288513137,1952.30457929636,52217334.0,53219166.0,54252461.0,55339003.0,580876.3,580876.3,580876.3,580876.3,5.05,5.05,5.05,5.05
KOR,"Korea, South ",2,0,0,1,0,0,1,0,0,1,0,0,1,31721.2989141857,35125.5224984723,32394.6833725203,33121.3712885508,51836239.0,51769539.0,51672569.0,51712619.0,97600.0,97600.0,97600.0,97600.0,8.01,8.16,8.03,8.09
KGZ,Kyrgyz Republic ,1,0,3,0,0,3,0,0,3,0,0,3,0,1229.51766602907,1349.99730650542,1739.72018344174,2138.22210211478,6726596.0,6851224.0,6975220.0,7099750.0,191800.0,191800.0,191800.0,191800.0,4.21,3.62,3.62,3.7
LAO,Laos (LAO PDR),1,1,1,0,1,1,1,1,2,1,1,3,0,2583.77730696131,2526.05105018529,2046.40440255621,2066.94979776957,7346533.0,7453194.0,7559007.0,7664993.0,230800.0,230800.0,230800.0,230800.0,1.77,1.77,1.77,1.71
LVA,Latvia ,1,0,0,0,0,0,0,0,0,0,0,0,0,17564.2321549354,20261.8887788916,20227.2307431581,22675.5786295407,1900449.0,1884490.0,1879383.0,1877445.0,62230.0,62230.0,62230.0,62230.0,7.24,7.31,7.37,7.38
LBN,Lebanon ,1,1,1,0,1,0,0,1,0,0,1,0,0,5561.19166950397,4045.37391066234,3654.35845534878,3477.72489842684,5702398.0,5718122.0,5744489.0,5773493.0,10230.0,10230.0,10230.0,10230.0,4.16,3.84,3.64,3.56
LSO,Lesotho ,1,1,0,0,1,1,0,1,0,0,1,0,0,918.582577421982,1066.58643600093,1030.12579628833,916.282970463888,2235727.0,2261542.0,2286110.0,2311472.0,30360.0,30360.0,30360.0,30360.0,6.3,6.3,6.19,6.06
LBY,Libya ,1,1,2,0,1,2,0,1,2,0,1,2,0,6650.33810585348,4935.82787349801,5986.63694851258,6172.81246940233,7045399.0,7135175.0,7223805.0,7305659.0,1759540.0,1759540.0,1759540.0,1759540.0,1.95,1.95,2.06,1.78
LTU,Lithuania ,2,0,0,1,0,0,1,0,0,1,0,0,1,20428.6478157394,23870.4594851722,25085.784063499,27786.0057829276,2810369.0,2808380.0,2831639.0,2871585.0,62620.0,62610.0,62604.0,62600.0,7.13,7.18,7.31,7.31
LUX,Luxembourg ,1,1,0,0,1,1,0,1,1,0,1,1,0,116860.02817236,134965.815442152,123719.658915996,131407.681364513,630419.0,640064.0,653103.0,666430.0,2574.46,2574.46,2574.46,2574.46,8.68,8.68,8.81,8.81
MDG,Madagascar ,1,1,2,0,1,2,0,1,2,0,1,2,3,450.771615201509,483.469463351371,503.514533472879,508.718427705736,28953556.0,29691083.0,30437261.0,31195932.0,581800.0,581800.0,581800.0,581800.0,5.7,5.7,5.7,5.26
MWI,Malawi ,1,1,2,0,1,2,0,1,2,0,1,2,0,602.507478176106,617.447520802454,604.269751184515,602.343619809252,19533888.0,20047258.0,20568728.0,21104482.0,94280.0,94280.0,94280.0,94280.0,5.74,5.74,5.91,5.85
MYS,Malaysia ,1,1,1,0,1,1,0,1,1,0,1,1,0,9957.52626697613,10903.1116425938,11748.0919307944,11379.0851923557,33889558.0,34282399.0,34695493.0,35126298.0,328550.0,328550.0,328550.0,328550.0,7.19,7.24,7.3,7.29
MLI,Mali ,1,1,2,0,1,2,0,1,2,0,1,2,0,953.242943290974,1027.27345365357,969.72220560562,1035.86242628411,21713836.0,22388630.0,23072640.0,23769127.0,1220190.0,1220190.0,1220190.0,1220190.0,3.93,3.48,3.23,2.58
MRT,Mauritania ,1,1,2,0,1,2,0,1,2,0,1,2,0,1795.76459566714,1947.78918383313,1960.35240077424,2120.82318421747,4600131.0,4734874.0,4875637.0,5022441.0,1030700.0,1030700.0,1030700.0,1030700.0,3.92,4.03,4.03,4.14
MUS,Mauritius ,1,1,1,0,1,1,0,1,1,0,1,1,0,9011.04288445023,9068.97300226707,10223.7882316574,11182.186568616,1266014.0,1266334.0,1262523.0,1261041.0,1997.0,1997.0,1997.0,1997.0,8.14,8.08,8.14,8.14
MEX,Mexico ,1,0,0,0,0,1,1,0,0,0,0,0,1,8841.2707511328,10314.0506725979,11402.1410374782,13826.1306570122,126799054.0,127648148.0,128613117.0,129739759.0,1943950.0,1943950.0,1943950.0,1943950.0,6.07,5.57,5.25,5.14
MDA,Moldova ,1,1,0,0,1,0,0,1,0,0,1,0,0,4375.7788930524,5274.60582195352,5744.29618434435,6799.58594644576,2635130.0,2595809.0,2528654.0,2457783.0,32884.6,32890.0,32880.0,32930.0,5.78,6.1,6.23,6.23
MNG,Mongolia ,1,1,0,0,1,0,1,1,0,1,1,2,0,4001.25193077703,4517.61578018785,4993.51487463495,5838.63108083902,3327204.0,3383741.0,3433748.0,3481145.0,1557506.803,1557507.0,1557510.0,1558499.786,6.48,6.42,6.35,6.48
MNE,Montenegro,1,0,0,0,0,0,1,0,0,1,0,0,0,7612.62845881291,9377.48879714989,9990.20444616996,12077.3747094687,626590.0,625053.0,623591.0,623529.0,13450.0,13450.0,13450.0,13450.0,5.77,6.02,6.45,6.67
MAR,Morocco ,1,0,1,0,0,1,0,0,1,0,0,1,0,3268.0302734375,3785.93627929688,3455.39624023438,3771.4462890625,36584208.0,36954442.0,37329064.0,37712505.0,446300.0,446300.0,446300.0,446300.0,5.04,5.04,5.04,5.04
MOZ,Mozambique ,1,1,2,0,1,2,0,1,2,1,1,2,0,462.433876479921,509.907829475551,578.251663751351,622.985619320596,30783688.0,31707800.0,32656246.0,33635160.0,786380.0,786380.0,786380.0,786380.0,3.51,3.51,3.51,3.51
MMR,Myanmar ,1,1,2,0,1,2,0,1,1,0,1,3,0,1490.21683548367,1242.72134419599,1158.05005034332,1233.19666209269,53016522.0,53387102.0,53756787.0,54133798.0,652670.0,652670.0,652670.0,652670.0,3.04,1.02,0.74,0.85
NAM,Namibia ,1,1,1,0,1,1,1,1,1,0,1,1,0,3878.58982993966,4412.8355693052,4349.79908493314,4187.60500350786,2728762.0,2810548.0,2889662.0,2963095.0,823290.0,823290.0,823290.0,823290.0,6.52,6.52,6.52,6.52
NPL,Nepal ,1,1,1,0,1,1,0,1,1,0,1,0,0,1154.21517578318,1252.75076731986,1385.91066274851,1382.33055769304,28966574.0,29475010.0,29715436.0,29694614.0,143350.0,143350.0,143350.0,143350.0,5.22,4.41,4.49,4.6
NLD,Netherlands ,2,0,0,0,0,0,1,0,0,1,0,0,1,53467.9277413737,60141.9880911492,59123.318556487,64572.0059558854,17441500.0,17533044.0,17700982.0,17877117.0,33670.0,33670.0,33670.0,33670.0,8.96,8.88,9.0,9.0
NZL,New Zealand ,1,0,0,0,0,0,1,0,0,1,0,0,0,41850.92032802,49689.498134519,48760.0381935936,48654.904227478,5090200.0,5111300.0,5117100.0,5245000.0,263310.0,263310.0,263310.0,263310.0,9.25,9.37,9.61,9.61
NIC,Nicaragua ,1,1,2,0,1,2,0,1,2,0,1,2,0,1938.44704754382,2138.38588469449,2322.89053964583,2609.44492072931,6565267.0,6644741.0,6730654.0,6823613.0,120340.0,120340.0,120340.0,120340.0,3.6,2.69,2.5,2.26
NER,Niger ,1,1,2,0,1,2,0,1,2,0,1,2,0,579.512495758236,608.722439593808,609.745147661683,638.336080723299,23717613.0,24502140.0,25311973.0,26159867.0,1266700.0,1266700.0,1266700.0,1266700.0,3.29,3.22,3.73,2.37
NGA,Nigeria ,1,1,2,0,1,2,0,1,1,0,0,0,0,2019.65706326224,2017.27486481527,2139.37478476974,1596.63696129001,213996181.0,218529286.0,223150896.0,227882945.0,910770.0,910770.0,910770.0,910770.0,4.1,4.11,4.23,4.23
MKD,North Macedonia ,1,1,0,0,1,0,1,1,0,0,1,0,0,6659.59651070776,7620.80296977508,7606.2375253797,8624.28400232117,1856124.0,1837114.0,1831712.0,1827816.0,25220.0,25220.0,25220.0,25220.0,5.89,6.03,6.1,6.03
NOR,Norway ,2,0,0,0,0,0,0,0,0,1,0,0,1,68340.0181033702,93072.8925119571,109269.520580298,87497.3289297342,5379475.0,5408320.0,5457127.0,5519594.0,364285.0,364270.0,364270.0,364270.0,9.81,9.75,9.81,9.81
OMN,Oman ,2,1,2,0,1,2,0,1,2,0,1,2,0,16784.8630630058,19403.4600160211,23223.5829405935,20972.4830886637,4522497.0,4500424.0,4730226.0,5049269.0,309500.0,309500.0,309500.0,309500.0,3.0,3.0,3.12,3.12
PAK,Pakistan ,1,1,1,1,1,1,1,1,1,1,1,0,0,1278.39735206896,1455.31922370186,1538.3228133171,1365.16927410976,235001746.0,239477801.0,243700667.0,247504495.0,770880.0,770880.0,770880.0,770880.0,4.31,4.31,4.13,3.25
PAN,Panama ,1,1,1,0,1,1,0,1,2,0,1,0,0,13290.5608347594,15509.8069109784,17332.4360742988,18686.4050961265,4293261.0,4345405.0,4400773.0,4458759.0,74180.0,74180.0,74180.0,74180.0,7.18,6.85,6.91,6.91
PNG,Papua New Guinea ,1,1,0,0,1,0,1,1,0,1,1,0,0,2429.61134585269,2607.57861874444,3102.28968594061,2966.06830432055,9815746.0,10012896.0,10203169.0,10389635.0,452860.0,452860.0,452860.0,452860.0,6.1,6.1,5.97,6.03
PRY,Paraguay ,1,0,0,0,0,1,0,0,0,0,0,0,0,5365.47220721191,5976.9317978996,6205.6259537937,6299.99026533643,6603739.0,6684182.0,6760464.0,6844146.0,397300.0,397300.0,396012.042,396012.03,6.18,5.86,5.89,6.0
PER,Peru ,1,0,1,0,0,1,1,0,1,1,0,1,0,6133.32552410183,6826.20255614477,7350.63034300417,7887.54185920108,32838579.0,33155882.0,33475438.0,33845617.0,1280000.0,1280000.0,1280000.0,1280000.0,6.53,6.09,5.92,5.81
PHL,Philippines ,1,0,1,0,0,1,0,0,1,0,0,1,0,3227.57910235199,3484.38593882819,3548.06930572116,3804.08274131097,112081264.0,113100950.0,113964338.0,114891199.0,298170.0,298170.0,298170.0,298170.0,6.56,6.62,6.73,6.66
POL,Poland ,1,0,1,1,0,1,1,0,1,0,0,0,1,16150.9291009726,18635.5088812509,18891.213529396,22145.2643088909,37515748.0,36981559.0,36821749.0,36687353.0,306130.0,306100.0,306090.0,306270.0,6.85,6.8,7.04,7.18
PRT,Portugal ,1,0,1,0,0,1,1,0,0,1,0,0,1,22299.4044062173,24711.4510062111,24620.519556875,27386.2920595024,10297081.0,10361831.0,10434332.0,10578174.0,91605.6,91605.6,91605.6,91605.6,7.9,7.82,7.95,7.75
QAT,Qatar ,2,1,2,0,1,2,0,1,2,0,1,2,0,51683.5054376677,71751.8831257169,88701.463352273,80195.8746508549,2794148.0,2504910.0,2657333.0,2656032.0,11490.0,11490.0,11490.0,11490.0,3.24,3.65,3.65,3.65
ROU,Romania ,1,0,0,0,0,1,0,0,0,0,0,0,1,13082.3006559554,14986.7854904274,15557.8826247584,18404.2730871704,19265250.0,19122059.0,19048502.0,19059479.0,230080.0,230080.0,230080.0,230080.0,6.4,6.43,6.45,6.45
RUS,Russian Federation ,2,0,1,0,0,1,0,0,1,0,0,1,0,10108.3271484375,12425.029296875,15619.6142578125,14159.3876953125,145245148.0,144746762.0,144236933.0,143826130.0,16376870.0,16376870.0,16376870.0,16376870.0,3.31,3.24,2.28,2.22
SAU,Saudi Arabia ,2,1,2,1,1,2,1,1,2,1,1,2,1,24338.8307301067,31920.7653655643,38510.2276211037,36156.848337701,31552510.0,30784383.0,32175224.0,33702731.0,2149690.0,2149690.0,2149690.0,2149690.0,2.08,2.08,2.08,2.08
SEN,Senegal ,1,1,2,0,1,2,0,1,2,0,1,2,0,1461.08720350553,1598.10676952274,1574.0281059306,1698.03387300843,16789219.0,17220867.0,17651103.0,18077573.0,192530.0,192530.0,192530.0,192530.0,5.67,5.53,5.72,5.48
SRB,Serbia ,1,0,0,0,1,0,1,1,0,1,1,0,0,8098.70955668849,9680.52798074468,10022.9688543402,12281.5058488303,6899126.0,6834326.0,6664449.0,6623183.0,84090.0,84090.0,84090.0,84090.0,6.22,6.36,6.33,6.33
SLE,Sierra Leone ,1,1,1,0,1,1,0,1,2,1,1,0,0,845.982914284565,886.192939104469,860.774590932595,757.848680560444,7912558.0,8094602.0,8276807.0,8460512.0,72180.0,72180.0,72180.0,72180.0,4.86,4.97,5.03,4.32
SGP,Singapore ,1,0,0,0,0,0,0,0,0,0,0,0,0,61410.0792630788,80056.1288247844,90299.0694637269,85412.230345235,5685807.0,5453566.0,5637022.0,5917648.0,718.0,718.0,718.0,718.0,6.03,6.23,6.22,6.18
SVK,Slovak Republic,1,0,0,0,0,0,0,0,0,0,0,0,0,19735.4858280801,22132.4483028948,21334.6011006572,24673.5482979144,5458827.0,5447247.0,5431752.0,5426740.0,48080.0,48080.0,48080.0,48080.0,6.97,7.03,7.07,7.07
SVN,Slovenia ,1,0,0,0,1,0,0,1,0,1,1,0,1,25392.0651093612,29187.369382785,28373.8382265999,32610.110922729,2102419.0,2108079.0,2112076.0,2120461.0,20136.4,20136.4,20136.4,20134.5,7.54,7.54,7.75,7.75
ZAF,South Africa ,1,1,0,0,1,0,1,1,0,0,1,0,0,5580.60383075189,6843.39941886204,6523.41097815853,6022.54254192335,60562381.0,61502603.0,62378410.0,63212384.0,1213090.0,1213090.0,1213090.0,1213090.0,7.05,7.05,7.05,7.05
ESP,Spain ,1,0,0,0,0,1,0,0,1,0,0,0,1,27233.9426461608,30799.4775937775,30270.2687017458,33509.0127982139,47359424.0,47443821.0,47786102.0,48347910.0,499556.645,499733.244,499713.681,499697.4,8.12,7.94,8.07,8.07
VCT,Saint Vincent and the Grenadines ,1,1,0,0,1,0,1,1,0,1,1,0,0,8351.20324040982,8641.27904024443,9693.55867833025,10582.3656725229,103526.0,102841.0,102046.0,101323.0,390.0,390.0,390.0,390.0,9.1,9.1,9.1,9.1
SUR,Suriname ,2,1,0,0,1,1,1,1,1,1,1,0,0,4755.39221710693,5029.84838543953,6084.43876736445,5494.07409425517,612317.0,617896.0,623164.0,628886.0,160507.61,160507.61,160507.61,160507.61,6.82,6.82,6.95,6.88
SWE,Sweden ,2,0,0,0,0,0,1,0,0,1,0,0,1,52653.7565934247,61174.9680215622,55296.9371472535,55567.0890080496,10353442.0,10415811.0,10486941.0,10536632.0,407280.0,407280.0,407280.0,407270.0,9.26,9.26,9.39,9.39
CHE,Switzerland ,1,0,0,0,0,0,0,0,0,0,0,0,0,85897.7843338323,93664.7736696111,94394.5106803525,100631.802755125,8638167.0,8704546.0,8777088.0,8888093.0,39509.63,39509.63,39509.63,39509.63,8.83,8.9,9.14,9.14
TZA,Tanzania ,1,1,0,0,1,1,0,1,0,0,1,0,0,1117.41528320313,1159.85656738281,1207.85302734375,1224.48962402344,60972798.0,62830412.0,64711821.0,66617606.0,885800.0,885800.0,885800.0,885800.0,5.1,5.1,5.1,5.35
THA,Thailand ,2,1,1,0,1,1,1,1,1,1,1,1,0,6985.64393892574,7057.20754802279,6909.35281815827,7195.10130919449,71641484.0,71727332.0,71735329.0,71702435.0,510890.0,510890.0,510890.0,510890.0,6.04,6.04,6.67,6.35
TGO,Togo ,1,1,2,0,1,2,0,1,2,0,1,2,0,853.578220263722,939.613373786407,898.758154410712,985.697512629974,8669720.0,8878379.0,9089738.0,9304337.0,54390.0,54390.0,54390.0,54390.0,2.8,2.8,2.99,2.99
TTO,Trinidad & Tobago ,1,1,2,0,1,2,0,1,2,0,1,1,0,15358.8612973066,17679.1812561341,20874.37682915,18639.259241294,1366725.0,1367558.0,1365805.0,1367510.0,5130.0,5130.0,5130.0,5130.0,7.16,7.16,7.16,7.16
TUN,Tunisia ,1,1,2,0,1,2,0,1,2,0,1,1,0,3548.65363663803,3906.93926319391,3708.8481241036,3950.3753419816,11974057.0,12048622.0,12119334.0,12200431.0,155360.0,155360.0,155360.0,155360.0,6.59,5.99,5.51,5.51
TUR,Turkiye,1,0,0,0,0,0,0,0,0,0,0,0,0,8638.73903848102,9743.21277804855,10674.504157865,13105.6585004778,83384680.0,84147318.0,84979913.0,85325965.0,769630.0,769630.0,769630.0,769630.0,4.48,4.35,4.35,4.33
UGA,Uganda ,1,0,0,0,0,0,0,0,0,0,0,0,0,845.76646385001,882.791717442001,963.067314233497,1002.30913908852,44457152.0,45910930.0,47312719.0,48656601.0,200520.0,200520.0,200520.0,200520.0,4.94,4.48,4.55,4.49
UKR,Ukraine ,1,1,3,0,0,1,1,0,0,0,0,0,0,3709.76928710938,4775.94580078125,4199.6708984375,5139.59814453125,44680014.0,44298640.0,41048766.0,37732836.0,579400.0,579400.0,579400.0,579400.0,5.81,5.57,5.42,5.06
ARE,United Arab Emirates ,2,1,1,0,1,1,0,1,1,0,1,1,0,37173.8754093066,43360.0211001327,49899.0652975197,49040.6947521035,9401038.0,9575152.0,10074977.0,10483751.0,71020.0,71020.0,71020.0,71020.0,2.7,2.9,2.9,3.01
GBR,United Kingdom ,1,0,0,0,0,0,1,0,0,1,0,0,1,40404.8062238951,46926.475736105,46062.9914079698,49200.8101526146,66744000.0,66984000.0,67604000.0,68492000.0,241930.0,241930.0,241930.0,241930.0,8.54,8.1,8.28,8.28
USA,United States ,2,0,0,0,0,0,1,0,0,1,0,0,0,64401.5074354212,71307.4017277218,77860.9112908848,82304.6204272866,331577720.0,332099760.0,334017321.0,336806231.0,9147420.0,9147420.0,9147420.0,9147420.0,7.92,7.85,7.85,7.85
URY,Uruguay ,1,1,1,0,1,1,0,1,1,0,1,1,0,15757.5355995779,17881.818721099,20818.6146091144,23019.4221560046,3398968.0,3396695.0,3390913.0,3388081.0,175020.0,175020.0,175020.0,175020.0,8.61,8.85,8.91,8.66
UZB,Uzbekistan,1,0,0,0,0,0,1,0,0,1,0,0,0,1978.28051860763,2258.51964119278,2578.66689394219,2878.96879292451,33586372.0,34243696.0,34938955.0,35652307.0,440650.0,440653.0,440652.0,440650.0,2.12,2.12,2.12,2.12
VEN,Venezuela ,2,1,2,0,1,2,0,1,2,0,1,2,0,1506.113205923328,2005.1118666146608,3154.926677994062,3617.558678617967,28444077.0,28237826.0,28213017.0,28300854.0,882050.0,882050.0,882050.0,882050.0,2.76,2.11,2.23,2.31
VNM,Vietnam ,1,1,1,0,1,1,1,1,1,1,1,0,1,3534.03953482647,3704.1935590038,4147.69777213621,4323.35031982451,98079191.0,98935098.0,99680655.0,100352192.0,313429.0,313429.0,313429.0,313429.0,2.94,2.94,2.73,2.62
ZMB,Zambia ,1,1,1,1,1,0,1,1,0,0,1,0,0,951.644316655957,1127.16077872857,1447.12310138035,1330.72780576709,19059395.0,19603607.0,20152938.0,20723965.0,743390.0,743390.0,743390.0,743390.0,4.86,5.72,5.8,5.8
ZWE,Zimbabwe ,1,1,0,0,1,0,1,1,0,1,1,0,0,1730.45391034701,1724.38727102272,2040.54658705395,2156.03409322984,15526888.0,15797210.0,16069056.0,16340822.0,386850.0,386850.0,386850.0,386850.0,3.16,2.92,2.92,3.04
