,Country Code,Net Trade Status,Price Control in 2021,Tax Reduction in 2021,Price Control in 2022,Tax Reduction in 2022,Price Control in 2023,Tax Reduction in 2023,Price Control in 2024,Tax Reduction in 2024,democracy index data in 2020,democracy index data in 2021,democracy index data in 2022,democracy index data in 2023,log_population density in 2020,log_population data in 2020,log_gdp data in 2020,log_population density in 2021,log_population data in 2021,log_gdp data in 2021,log_population density in 2022,log_population data in 2022,log_gdp data in 2022,log_population density in 2023,log_population data in 2023,log_gdp data in 2023,No subsidy in 2021,Some subsidy in 2021,Price freezes in 2021,No subsidy in 2022,Some subsidy in 2022,Price freezes in 2022,No subsidy in 2023,Some subsidy in 2023,Price freezes in 2023,No subsidy in 2024,Some subsidy in 2024,Price freezes in 2024
0,ALB,1,0,0,1,0,1,0,0,0,6.08,6.11,6.41,6.28,2.0152387204041577,6.452989283224546,3.730037160807618,2.0112131664106934,6.448963729231081,3.8070803915420126,2.005933056138875,6.4436836189592634,3.835463962431891,2.0009455417090845,6.438696104529472,3.9332428067370215,0,1,0,0,1,0,0,1,0,0,1,0
1,DZA,2,1,0,1,0,1,0,1,0,3.77,3.77,3.66,3.66,1.2669735794630503,7.643867929922875,3.5732827044460853,1.2740063905729,7.650900741032725,3.619151712936137,1.2809011720588792,7.657795522518704,3.695617597853505,1.2874111421637848,7.66430549262361,3.7294910321545545,0,0,1,0,0,1,0,0,1,0,0,1
2,AGO,1,1,0,1,0,1,0,1,0,3.66,3.37,3.96,4.18,1.428648859578063,7.524410819055563,3.161344899158711,1.442465168081191,7.538227127558692,3.2846280190892383,1.456115157087066,7.551877116564566,3.4668223290336297,1.469494273092822,7.565256232570322,3.36352438465873,0,0,1,0,0,1,0,0,1,0,0,1
3,ARG,1,1,0,1,1,1,0,0,0,6.95,6.81,6.85,6.62,1.217835620118426,7.655061225378635,3.9312340232018785,1.21899031965963,7.656215924919839,4.030924124489035,1.2199058503460487,7.657131455606257,4.1441281998539266,1.2211521718079277,7.658377777068137,4.151905345739808,1,0,0,1,0,0,1,0,0,1,0,0
4,ARM,1,0,0,0,0,0,0,0,0,5.35,5.49,5.63,5.42,2.0213025178194943,6.471511736976963,3.6302936942285973,2.0214247480572314,6.471629038569735,3.67072627804873,2.0224162171947495,6.472639451880648,3.817695866710949,2.0216816700681215,6.471922154014266,3.9098380128807104,1,0,0,1,0,0,1,0,0,1,0,0
5,AUS,1,0,0,0,1,0,0,0,0,8.96,8.9,8.71,8.66,0.5230342319532123,7.409074636729008,4.714258826285751,0.5236461315252262,7.409686536301022,4.78252836838063,0.5291733922447044,7.4152137970205,4.812893403049989,0.539702060854884,7.425742465630679,4.811815677553747,1,0,0,1,0,0,1,0,0,1,0,0
6,AUT,1,0,0,0,0,0,0,0,0,8.16,8.07,8.2,8.28,2.033652923532298,6.950212142833412,4.687675275881049,2.03554502161537,6.952104240916484,4.729559357138184,2.039698126749188,6.956257346050302,4.717476315935439,2.0439953171417593,6.960554536442873,4.748448322426106,1,0,0,1,0,0,1,0,0,1,0,0
7,AZE,2,1,0,1,0,1,0,1,0,2.68,2.68,2.87,2.8,2.086803640852306,7.00402547976442,3.626331193607539,2.088698719277885,7.005941577185352,3.7330403249328925,2.088870299760875,7.0061131576683415,3.8904542309057764,2.08939250478472,7.006635362692187,3.85327395197004,0,0,1,0,0,1,0,0,1,0,0,1
8,BHS,1,1,0,1,1,1,0,1,0,9.1,9.1,9.1,9.1,1.597110834106783,5.597544911586102,4.417948968123717,1.597669986218948,5.598104063698266,4.4824141968288505,1.5989445709887198,5.599378648468038,4.543536158812173,1.6010174755677347,5.6014515530470534,4.582424455770676,1,0,0,1,0,0,1,0,0,1,0,0
9,BHR,2,1,0,1,0,1,0,1,0,2.49,2.52,2.52,2.52,3.2730983366364894,6.167967993381742,4.3863713240640765,3.279726129442579,6.17735322073302,4.433734775239163,3.285555315128091,6.183182406418533,4.483879893288519,3.29475795420958,6.197847941201523,4.466721275834238,0,0,1,0,0,1,0,0,1,0,0,1
10,BGD,1,1,0,1,0,1,0,1,0,5.99,5.99,5.99,5.87,3.106376183991843,8.220887088840717,3.35196064086232,3.1099155884471785,8.224426493296052,3.394950338981285,3.1140636105393233,8.228874684377386,3.434007459602478,3.1203039915103385,8.23418052414139,3.406713478448022,0,0,1,0,0,1,0,0,1,0,0,0
11,BRB,1,1,0,1,1,1,0,1,0,9.5,9.5,9.5,9.4,2.816315308012338,5.449783763591925,4.263567686393031,2.817006981304084,5.4504754368836705,4.271766954776603,2.8172701131499105,5.450738568729497,4.345648651483543,2.8172978019670514,5.450766257546638,4.376650397552454,1,0,0,1,0,0,1,0,0,1,0,0
12,BEL,2,1,0,1,1,1,0,1,0,7.51,7.51,7.64,7.64,2.5779388728427497,7.062153268804946,4.661872172999451,2.5797264376010927,7.063940833563289,4.713139591310306,2.583236255120805,7.067450651083002,4.706053904044446,2.58720447281315,7.071418868775346,4.737908672001883,1,0,0,1,0,0,1,0,0,1,0,0
13,BLZ,1,1,0,1,1,1,0,1,0,8.7,8.7,8.7,8.7,1.2338426051175053,5.591967890394154,3.7182685885418216,1.2388520638092793,5.596977349085928,3.786936708971261,1.2468919319412008,5.605017217217849,3.849324484137198,1.2558285299806558,5.613953815257305,3.872738719849614,1,0,0,0,1,0,0,1,0,1,0,0
14,BEN,1,1,0,1,0,1,0,1,0,4.58,4.19,4.28,4.68,2.064126135935144,7.116281203134709,3.0792515476797475,2.075384359064404,7.127539426263969,3.1201300598333237,2.086447616926958,7.138602684126523,3.1025801986922352,2.0974037710793194,7.149558838278884,3.1443181775522673,0,0,1,0,0,1,0,0,1,0,0,1
15,BTN,1,1,0,1,0,1,0,1,0,5.71,5.71,5.54,5.54,1.3051134205621564,5.886494109272143,3.504017854944843,1.3081686311418306,5.889549319851818,3.552742730736347,1.311222520094382,5.892603208804369,3.5695293006848954,1.3142545321881538,5.89563522089814,3.584264412967163,1,0,0,1,0,0,1,0,0,1,0,0
16,BOL,1,1,0,1,1,1,1,1,0,5.08,4.65,4.51,4.2,1.0377327286976172,7.072481471844107,3.4913535949421153,1.0421595481189052,7.0769082912653944,3.5295387687432953,1.047215861029604,7.081964604176093,3.561569819366641,1.0531802174696172,7.0879289606161064,3.5665883157952245,0,0,1,0,0,1,0,0,1,0,0,1
17,BIH,1,0,0,0,0,0,0,0,0,4.84,5.04,5.0,5.0,1.8091582959934438,6.518428256969274,3.787482531048977,1.8019322933298647,6.5112022543056955,3.863045764685778,1.7965312420010957,6.505801202976927,3.8839789053170515,1.7938494295837217,6.503119390559553,3.9376694789603173,1,0,0,1,0,0,1,0,0,1,0,0
18,BWA,1,1,0,1,0,1,0,1,0,7.62,7.73,7.73,7.73,0.6206190801344915,6.373995282875879,3.8009436149510574,0.6270957183650966,6.380471921106484,3.892533571920824,0.6339944003013945,6.387370603042783,3.920577691329166,0.6411182049561961,6.394494407697584,3.8935594748759885,0,1,0,0,1,0,0,1,0,1,0,0
19,BRA,1,0,0,0,1,1,1,0,0,6.92,6.86,6.78,6.68,1.3973313141780583,8.319440955539177,3.849676952269569,1.399178633126273,8.321288274487392,3.901596524377508,1.4007428788602008,8.32285252022132,3.9676103708875,1.4024623753373546,8.324572016698474,4.016096478337843,0,1,0,0,1,0,0,1,0,0,1,0
20,BGR,2,0,0,0,1,0,0,0,0,6.71,6.64,6.53,6.41,1.7806176108211806,6.816287445472861,4.032213589078802,1.777731061157889,6.813400895809569,4.1130142162005345,1.7749052106124843,6.810575045264165,4.146117858169603,1.773660619727512,6.809330454379192,4.200956101253592,1,0,0,0,1,0,1,0,0,1,0,0
21,BFA,1,1,0,1,0,1,0,1,0,3.73,3.84,3.08,2.73,1.8948916968695453,7.332007789917624,2.9165787120033135,1.9052126713087287,7.342328764356807,2.9520827038356487,1.9152408413029822,7.352356934351061,2.9222677312633834,1.9250981823827624,7.362214275430841,2.9458081130505827,0,0,1,0,0,1,0,0,1,0,0,1
22,BDI,1,1,0,1,0,1,0,1,0,2.14,2.13,2.13,2.13,2.6913623228303907,7.100957342227207,2.322236128287401,2.7031936136847126,7.112788633081529,2.3305993345542486,2.71494497131054,7.124539990707356,2.3990403758116465,2.726790980471042,7.136385999867858,2.283469271228104,0,0,1,0,0,1,0,0,1,0,0,1
23,CPV,1,1,0,1,1,1,0,1,0,7.65,7.65,7.65,7.65,2.106231402330201,5.7115364484713105,3.5489083708884555,2.107890546986244,5.713195593127354,3.598948453152077,2.1104819315465173,5.7157869776876264,3.635816741117073,2.112640755551556,5.717945801692665,3.686751694155234,1,0,0,0,1,0,1,0,0,1,0,0
24,KHM,1,1,0,1,0,1,0,1,0,3.1,2.9,3.18,3.05,1.9765845157464648,7.22337843452162,3.3184263082191072,1.9829980826843632,7.2297920014595185,3.335939718646539,1.9887780563978628,7.235571975173018,3.3664286544613207,1.9943509526174166,7.241144871392572,3.385561328858462,0,1,0,0,1,0,0,1,0,0,1,0
25,CMR,1,1,0,1,0,1,0,1,0,2.77,2.56,2.56,2.56,1.7438814770626503,7.418476266797089,3.19189896928981,1.7554118251652462,7.4300066148996855,3.2233210907945007,1.7668296481921215,7.441424437926561,3.205441826027083,1.7783056773273238,7.452900467061763,3.2397650411766428,0,0,1,0,0,1,0,0,1,0,1,0
26,CAN,2,0,0,0,1,0,1,0,1,9.24,8.87,8.88,8.69,0.6275318968594785,7.580110771383796,4.6388668720213895,0.6385916988438697,7.582516339039351,4.7233461539301205,0.6464259568713818,7.590350597066863,4.750175030595323,0.6590408225692861,7.602965462764767,4.734162144506674,1,0,0,1,0,0,1,0,0,1,0,0
27,CAF,1,1,0,1,0,1,0,1,0,1.32,1.43,1.35,1.18,0.9068026416770262,6.70127674607446,2.6654675449500127,0.9141252362582731,6.708599340655707,2.6921973201023217,0.9129290491014501,6.707403153498884,2.669651377035,0.9175372372421536,6.712011341639587,2.6954631986957844,0,0,1,0,0,1,0,0,1,0,0,1
28,TCD,2,1,0,1,0,1,0,1,0,1.55,1.67,1.67,1.67,1.136056422105882,7.2361511371208715,2.9379929563144693,1.151014560695638,7.251109275710627,2.976055687319712,1.1660267707605967,7.266121485775586,2.9849935215223233,1.185891366201014,7.285986081216003,2.995221992361565,0,0,1,0,0,1,0,0,1,0,0,1
29,CHL,1,0,1,0,1,0,1,0,0,8.28,7.92,8.22,7.98,1.4162532174875113,7.2871436111884815,4.117762184313498,1.4181706193353336,7.289061013036304,4.209698144968356,1.4203238061730439,7.291214199874014,4.18767908472417,1.4226673838814778,7.293557777582448,4.232158116770614,0,1,0,0,1,0,0,1,0,0,1,0
30,CHN,1,1,0,1,0,1,0,1,0,2.27,2.21,1.94,2.12,2.1769749963183678,9.149557791861579,4.0264296342754475,2.1773626136981243,9.149945409241335,4.110166512266044,2.1773057232865933,9.149888518829805,4.112960255235301,2.1768549493633844,9.149437744906596,4.112309280365149,1,0,0,1,0,0,1,0,0,1,0,0
31,COL,1,1,0,1,0,1,0,1,0,7.04,6.48,6.72,6.55,1.6592805950853853,7.704407901653412,3.727515809682673,1.66404232249036,7.709169629058387,3.7939733952430608,1.668681859845816,7.713809166413843,3.824805397262098,1.6735499910902185,7.718677297658246,3.845149941618462,0,1,0,0,1,0,0,1,0,0,1,0
32,COD,1,1,0,1,0,1,0,1,0,1.13,1.4,1.48,1.68,1.6267648839883264,7.9822259826259305,2.7054542139011613,1.6408269418502153,7.996288040487819,2.7466607206757088,1.6548259986236529,8.010287097261257,2.807949011760525,1.6689824141798768,8.02444351281748,2.801675084435082,0,0,1,0,0,1,0,0,1,0,0,1
33,COG,1,1,0,1,0,1,0,1,0,3.11,2.79,2.79,2.79,1.226487888292756,6.759878596310307,3.2996351215249375,1.236885518723305,6.770276226740856,3.400738694372301,1.247294050465021,6.780684758482573,3.4184401841727885,1.2578004607957527,6.791191168813304,3.3940975260050252,0,0,1,0,0,1,0,0,1,0,0,1
34,CRI,1,1,0,1,1,1,0,1,0,8.16,8.07,8.29,8.29,1.9938600069851249,6.701940817453356,4.0932132227135885,1.9960686764229585,6.70414948689119,4.10850138126024,1.9979337672939324,6.706014577762164,4.134365224407822,1.999959596655925,6.708040407124156,4.22896536470679,0,1,0,0,1,0,0,1,0,0,1,0
35,CIV,2,1,0,1,0,1,0,1,0,4.11,4.22,4.22,4.22,1.9587028204458914,7.461129940430324,3.3384025716668693,1.9694472110956707,7.4718743310801035,3.3902250515384136,1.9803750563127318,7.482802176297165,3.3679838487288203,1.9912491248521529,7.4936762448365855,3.4073353263244854,0,1,0,0,0,1,0,1,0,0,0,1
36,HRV,1,1,0,1,1,1,1,1,0,6.5,6.5,6.5,6.5,1.8447659725050083,6.592643678324798,4.170509955793523,1.8408399465270142,6.588717652346804,4.250174250784346,1.8382188839915856,6.586096589811376,4.2663750783567655,1.8386742687964697,6.58655197461626,4.33975854454375,1,0,0,0,1,0,0,1,0,1,0,0
37,CYP,1,0,0,0,1,0,1,0,1,7.56,7.43,7.38,7.38,2.1490213943970518,6.114693365617159,4.457109704279845,2.154015687761755,6.119687658981862,4.528068293198625,2.1586267954700182,6.124298766690125,4.530128581062954,2.163042563556565,6.128714534776671,4.562904229558136,1,0,0,1,0,0,1,0,0,1,0,0
38,CZE,1,0,0,0,1,0,1,0,0,7.67,7.74,7.97,7.97,2.1416877982489937,7.029296828908996,4.370566592149873,2.1338847661791087,7.021427971356073,4.442424294243732,2.1407923823565764,7.028250618527641,4.451513552590681,2.148558074603459,7.035991435906694,4.499564154684117,1,0,0,1,0,0,1,0,0,1,0,0
39,DNK,2,0,0,0,0,0,0,0,0,9.15,9.09,9.28,9.28,2.163713139081726,6.765773130409689,4.785226507338684,2.1655954342930017,6.767655425620964,4.8434071298870345,2.1690155140422194,6.771075505370182,4.833091747724006,2.172234441837658,6.77429443316562,4.835398049706042,1,0,0,1,0,0,1,0,0,1,0,0
40,DMA,1,1,0,1,1,1,0,1,0,9.3,9.3,9.3,9.3,1.9547119370860884,4.8297732004777885,3.89363685957585,1.9523209349007953,4.827382198292495,3.92305762284349,1.9498842029703942,4.824945466362094,3.9695864696802206,1.9478256844424506,4.82288694783415,3.996203446965493,0,1,0,0,1,0,0,0,0,0,0,0
41,DOM,1,1,0,1,0,1,0,1,0,6.32,6.45,6.39,6.44,2.358691058957607,7.041720256517275,3.8534075345651035,2.363211324553654,7.0462405221133215,3.9308001075863492,2.367378943539955,7.050408141099623,4.004503865317435,2.371249198786737,7.054278396346405,4.026550903296094,0,1,0,0,0,1,0,0,1,0,0,1
42,ECU,1,1,0,1,0,1,0,1,0,6.13,5.71,5.69,5.41,1.8490980827103924,7.244179733884338,3.7374824855330546,1.8524608857871188,7.247542536961064,3.782567463568627,1.8559210126439214,7.251002663817867,3.8139534337514887,1.859710041026312,7.254791692200258,3.8285211761768188,0,1,0,0,0,1,0,0,1,0,0,1
43,EGY,1,1,0,1,0,1,0,1,0,2.93,2.93,2.93,2.93,2.040660800818118,8.038680251751677,3.5454449070411034,2.047135286365545,8.045154737299104,3.5828986503353146,2.053589323525451,8.051608774459009,3.6266798506247797,2.0609216964926085,8.058941147426166,3.5386729573230027,0,0,1,0,0,1,0,0,1,0,1,0
44,SLV,1,1,0,1,1,1,0,1,0,5.9,5.72,5.06,4.71,2.478423929192089,6.794813680265284,3.6017550960081355,2.4798918550517,6.796281606124896,3.666761962203199,2.4815919526036816,6.797981703676877,3.7054019950412775,2.483613728679562,6.800003479752758,3.7296057404082217,0,1,0,0,1,0,0,1,0,0,1,0
45,GNQ,1,1,0,1,0,1,0,1,0,1.92,1.92,1.92,1.92,1.7867028457216048,6.234635711313785,3.7607281183482653,1.7972801343695062,6.245212999961686,3.841711687971535,1.808194117218494,6.256126982810674,3.8802017004583784,1.8186630998224043,6.266595965414584,3.8246329808669737,0,0,1,0,0,1,0,0,1,0,0,1
46,EST,1,0,1,0,1,0,1,0,1,7.84,7.84,7.96,7.96,1.4927594090641323,6.123695528128324,4.379015176769942,1.4932197479963725,6.124155867060564,4.446440341276822,1.499227543705532,6.129960436522729,4.454099791488869,1.5060783278128078,6.136811220630005,4.479046759483097,1,0,0,1,0,0,1,0,0,1,0,0
47,ETH,1,1,0,1,0,1,0,1,0,3.38,3.3,3.17,3.37,2.0227173546868213,8.07524639496821,2.9567988331396617,2.034349176442536,8.086852894967583,2.9594935328420067,2.045742013067558,8.09824311467039,3.0047826522401975,2.0570494092874245,8.109550510890257,3.1044981685216846,0,1,0,0,1,0,0,1,0,0,1,0
48,FJI,1,1,0,1,1,1,1,1,1,5.72,5.61,5.55,5.55,1.6996649847240424,5.96140353207658,3.685241902421534,1.70049389531056,5.9622324426630975,3.671743905985515,1.7017763440176925,5.96351489137023,3.7327981137495123,1.7040015707932756,5.965740118145813,3.7700221344047242,1,0,0,1,0,0,1,0,0,1,0,0
49,FIN,2,0,0,0,0,0,0,0,0,9.2,9.27,9.29,9.3,1.2599013805301627,6.742689239662821,4.688675025713894,1.2607906212030535,6.743589482589947,4.7250874475037286,1.2619716612755076,6.7447705226624,4.702779901478833,1.2641220517645895,6.746938487602763,4.722810823945608,1,0,0,0,1,0,1,0,0,1,0,0
50,FRA,1,0,0,0,0,0,0,0,1,7.99,7.99,8.07,8.07,2.0984053507895473,7.829953827049878,4.592952025958696,2.099955357924897,7.831503834185227,4.640730810914728,2.1013754683024017,7.832923944562732,4.613660161429368,2.102792654584969,7.834341130845299,4.650219436358937,1,0,0,0,1,0,0,1,0,0,1,0
51,GAB,1,1,0,1,0,1,0,1,0,3.54,3.4,3.4,2.18,0.9548991579249223,6.365963015385846,3.8199256481975232,0.9649145287575039,6.375978386218428,3.912828111691358,0.974675900962061,6.385739758422985,3.924755064558888,0.9842256583342669,6.395289515795191,3.906948750703628,0,1,0,0,0,1,0,0,1,0,0,1
52,GMB,1,1,0,1,1,1,1,1,0,4.49,4.41,4.47,4.47,2.3954840341343915,6.400664546638172,2.8575346034364006,2.4057670321065054,6.410947544610286,2.893146172623832,2.4158423214195026,6.421022833923283,2.922333469474827,2.425836481913495,6.431016994417275,2.9484899422710233,0,0,0,0,1,0,0,1,0,0,1,0
53,GEO,1,0,1,0,0,0,0,0,0,5.31,5.12,5.2,5.2,1.7289375941770204,6.570859905856471,3.6335550041594096,1.7272888533414164,6.569211165020867,3.706171965182465,1.727744384609112,6.569666696288563,3.82800516499135,1.7280929668747083,6.570015278554159,3.9182227687673405,0,1,0,1,0,0,1,0,0,1,0,0
54,DEU,2,0,1,0,1,0,1,0,1,8.67,8.67,8.8,8.8,2.3766085585956733,7.9199190293428465,4.675592904108046,2.376792382669685,7.920102853416858,4.718216390438246,2.379960396830331,7.923233575743614,4.696235044220095,2.3804117265945264,7.923771914806268,4.731914221814824,1,0,0,1,0,0,1,0,0,1,0,0
55,GHA,1,0,0,0,0,0,0,0,0,6.5,6.5,6.43,6.3,2.146586013229429,7.503624680048884,3.341524503565994,2.1550883150596385,7.51213270804644,3.388312011615885,2.1634280300577253,7.520472423044527,3.3482836787914247,2.17171698712032,7.528761380107122,3.37728878144614,0,1,0,0,1,0,0,1,0,0,1,0
56,GRC,2,0,0,0,0,0,0,0,0,7.39,7.56,7.97,8.14,1.919073992443398,7.029326909796801,4.252531028221627,1.91378948637373,7.024042403727133,4.3150188955540765,1.9083178559827223,7.018570773336125,4.32163643062265,1.9070137090433656,7.0172666263967685,4.369229366389602,1,0,0,0,1,0,1,0,0,1,0,0
57,GRD,1,1,0,1,1,1,0,1,1,8.9,8.9,8.9,8.9,2.5342538753805153,5.065732792422771,3.952722664717803,2.535547279176668,5.067026196218923,3.983276207743479,2.536383887655621,5.067862804697876,4.022653456267993,2.537007506085977,5.068486423128232,4.053396838505245,0,1,0,0,0,1,0,1,0,0,1,0
58,GTM,1,0,0,0,0,0,0,0,0,4.97,4.62,4.68,4.47,2.2094500903712206,7.239482795307392,3.6510470027091015,2.215446649239481,7.245479354175652,3.6913133715202497,2.2215538593765136,7.251586564312685,3.7290595476277772,2.228241428595385,7.258274133531556,3.7602949482230192,0,1,0,0,1,0,0,1,0,1,0,0
59,GUY,1,0,1,0,1,0,1,0,1,6.01,6.25,6.34,6.26,0.5825617949703915,5.907132312189227,3.8309547709047536,0.5868438621526173,5.911414379371453,3.993915239885453,0.5901094709823842,5.914679988201219,4.253180273664589,0.592595090879957,5.917165608098792,4.311196339951032,1,0,0,1,0,0,1,0,0,1,0,0
60,HTI,1,1,0,1,0,1,0,1,0,4.22,3.48,2.81,2.81,2.610635752727968,7.050914965963557,3.1106992419408073,2.6156563853957584,7.055935598631347,3.263741124563489,2.6205547854155156,7.060833998651104,3.2456671989847496,2.6255766742462887,7.065855887481877,3.2319174383386864,0,1,0,0,1,0,0,1,0,0,0,0
61,HND,1,1,0,1,1,1,1,1,1,5.36,5.1,5.15,4.98,1.956373789169757,7.0051650630181665,3.3631633426132694,1.9636189096078482,7.012410183456258,3.436980754157613,1.9709011446285631,7.019692418476973,3.4775972654448752,1.9783483129845802,7.02713958683299,3.5088605489068465,0,1,0,0,1,0,0,1,0,0,1,0
62,HUN,1,1,0,1,0,0,0,0,0,6.56,6.5,6.64,6.72,2.02516482716918,6.9854452916058225,4.214497621918932,2.0233878520619073,6.983668316498549,4.279453122970877,2.0222202506921336,6.982500715128776,4.266787423463278,2.021637127045982,6.981917591482624,4.348541985974046,0,1,0,0,1,0,1,0,0,1,0,0
63,ISL,1,0,1,0,1,0,1,0,1,9.37,9.18,9.52,9.45,0.56044036538418,5.56403013257332,4.771025447079324,0.5675598270937441,5.5711495942828835,4.839970542649852,0.5784770063988246,5.5820667735879645,4.87576144859999,0.5911882832228766,5.594778050412017,4.9028733076939295,1,0,0,1,0,0,1,0,0,1,0,0
64,IND,2,0,0,1,0,1,0,0,0,6.61,6.91,7.04,7.18,2.6737166500936764,9.146939313524964,3.2803603754906603,2.6772893659191705,9.150512029350459,3.3501731433259834,2.680721163263009,9.153943826694297,3.370596035133071,2.684557240993442,9.15777990442473,3.4031411733240367,0,1,0,0,1,0,0,1,0,0,1,0
65,IDN,1,1,0,1,0,1,0,1,0,6.3,6.71,6.71,6.53,2.1654558813641125,8.439040222008842,3.5858782284334993,2.1650516493232366,8.442100266669387,3.632171023097037,2.168291705345154,8.445340322691303,3.674937787258587,2.1719513578804386,8.448999975226588,3.6880911062554187,0,1,0,0,1,0,0,1,0,0,1,0
66,IRN,2,1,0,1,0,1,0,1,0,2.2,1.95,1.96,1.96,1.7329309632074656,7.943115668679873,3.4754941262727996,1.736540077326516,7.946724782798923,3.6369683319522506,1.741755966468799,7.951940671941206,3.643955073277502,1.7469852275284914,7.957169933000898,3.649883482519478,0,0,1,0,0,1,0,0,1,0,0,1
67,IRL,1,0,0,0,1,0,1,0,0,9.05,9.0,9.13,9.19,1.8642525502525389,6.702408735004687,4.9376307474051275,1.870314431181062,6.7084706159332095,5.016874526985407,1.8789178771371948,6.717074061889343,5.022158189679123,1.8867420006650808,6.724898185417229,5.016564551068125,1,0,0,1,0,0,1,0,0,1,0,0
68,ISR,2,1,0,1,1,1,1,1,0,7.84,7.97,7.93,7.8,2.629242796003094,6.964500052437626,4.6490969238809665,2.636547218856311,6.971804475290843,4.718260011276716,2.645087050256534,6.980344306691066,4.739964705740027,2.6581348810144707,6.9933921374490025,4.716034411892273,1,0,0,0,1,0,1,0,0,1,0,0
69,ITA,2,0,0,0,1,0,1,0,1,7.74,7.68,7.69,7.69,2.303194113875623,7.7740704055778425,4.506389836578429,2.300954891531948,7.771831183234168,4.566467456201838,2.300071904206975,7.770952601732454,4.552107093351199,2.299923281435242,7.770803978960721,4.591792547177683,1,0,0,1,0,0,1,0,0,1,0,0
70,JAM,2,0,0,0,0,0,0,0,0,7.13,7.13,7.13,7.06,2.417271371734764,6.451899828360085,3.688370005010881,2.4183352687515107,6.452963725376831,3.7130987303338836,2.4185589636636253,6.453187420288946,3.77975181378396,2.418657157181971,6.453285613807291,3.835038642228243,1,0,0,0,1,0,1,0,0,1,0,0
71,JPN,1,0,0,0,0,0,0,0,0,8.13,8.15,8.33,8.4,2.5395716920075624,8.101269224661555,4.602371856642354,2.5375741440463293,8.099271676700322,4.603085451644088,2.5356465196536453,8.097344052307639,4.532316602227319,2.5334473692584525,8.095227427894791,4.529381270505294,1,0,0,0,1,0,0,1,0,0,1,0
72,JOR,1,1,0,1,1,1,1,1,0,3.62,3.49,3.17,3.04,2.0876552235842336,7.036038844149681,3.604446400071887,2.0956210166075246,7.044004637172972,3.621539771584829,2.1030106111706215,7.051394231736069,3.6367136706853675,2.1100125261368126,7.05839614670226,3.649926803780863,0,1,0,0,1,0,0,1,0,0,1,0
73,KAZ,2,1,0,1,0,1,0,1,0,3.14,3.08,3.08,3.08,0.8583206406407256,7.2896361471762505,3.9435691002154933,0.8641109032080835,7.295426409743608,3.999287217427891,0.8704653645257103,7.3017808710612355,4.051358604907164,0.8768240937705212,7.308139600306046,4.109896559614429,0,1,0,0,1,0,0,1,0,0,1,0
74,KEN,1,1,0,1,0,1,0,1,0,5.05,5.05,5.05,5.05,1.9537310373439187,7.717814694782115,3.2850314697829224,1.9619844069816847,7.726068064419881,3.314153048257373,1.970335785994411,7.734419443432607,3.324192476036214,1.9789476730895619,7.743031330527758,3.290547572956129,0,1,0,0,1,0,0,1,0,0,1,0
75,KOR,2,0,1,0,1,0,1,0,1,8.01,8.16,8.03,8.09,2.725183665921147,7.714633483587839,4.501350962369199,2.7246244800049926,7.714074297671685,4.545622793169808,2.7238102361915093,7.7132600538582015,4.510473739483097,2.724146715627428,7.71359653329412,4.52010830911291,1,0,0,1,0,0,1,0,0,1,0,0
76,KGZ,1,0,0,0,0,0,0,0,0,4.21,3.62,3.62,3.7,1.5449467418632452,6.82779534469789,3.0897347731754463,1.5529195641262241,6.835768166960869,3.130332901997969,1.5607093070721734,6.843557909906818,3.2404794019840164,1.5683944535559757,6.85124305639062,3.330052814396169,0,0,0,0,0,0,0,0,0,0,0,0
77,LAO,1,1,0,1,1,1,1,1,0,1.77,1.77,1.77,1.71,1.502846629267156,6.86608243375085,3.412255079553079,1.5091066211921442,6.872342425675838,3.40244212317487,1.5152289430353072,6.8784647475190015,3.3109914614601315,1.5212759580905537,6.884511762574248,3.315329928578704,0,1,0,0,1,0,0,0,1,0,0,0
78,LVA,1,0,0,0,0,0,0,0,0,7.24,7.31,7.37,7.38,1.4848564184870028,6.278856219471473,4.244629168750106,1.4811940362342433,6.275193837218714,4.306679927106005,1.4800154931323992,6.27401529411687,4.305936428727846,1.4795674221637056,6.273567223148176,4.355558378087604,1,0,0,1,0,0,1,0,0,1,0,0
79,LBN,1,1,0,1,0,1,0,1,0,4.16,3.84,3.64,3.56,2.746181891988681,6.756057525700841,3.7451678635310333,2.7473777833751414,6.757253417087301,3.606958669293775,2.7493757684417197,6.75925140215388,3.562811144971817,2.751563009883472,6.761438643595632,3.541295224641813,0,1,0,1,0,0,1,0,0,1,0,0
80,LSO,1,1,0,1,0,1,0,1,0,6.3,6.3,6.19,6.06,1.8671170044274505,6.349418771650893,2.9631182039806094,1.8721028903897192,6.354404657613162,3.0279960563697292,1.876795356142761,6.359097123366204,3.0128902628585044,1.881586869759334,6.363888636982777,2.962029615079375,1,0,0,0,1,0,1,0,0,1,0,0
81,LBY,1,1,0,1,0,1,0,1,0,1.95,1.95,2.06,1.78,0.6025064492199436,6.847905593412931,3.822843725569836,0.6080054850589824,6.85340462925197,3.693360006192644,0.6133668698889029,6.8587660140818905,3.7771829217437447,0.6182602529637052,6.863659397156693,3.7904830832621244,0,0,1,0,0,1,0,0,1,0,0,1
82,LTU,2,0,1,0,1,0,1,0,1,7.13,7.18,7.31,7.31,1.6520502830094803,6.448763346290377,4.310239621375592,1.6518121677415407,6.448455871526657,4.377860778870776,1.655435802440759,6.452037885210759,4.39942767957663,1.6615473428776268,6.458121676088057,4.44382612176454,1,0,0,1,0,0,1,0,0,1,0,0
83,LUX,1,1,0,1,0,1,0,1,0,8.68,8.68,8.81,8.81,2.3889431452650034,5.7996292937435685,5.067665986673025,2.3955372527821845,5.80622340126075,5.130223782977805,2.4042955301994375,5.814981678678003,5.0924387140218546,2.4130683905522186,5.823754539030784,5.118620752413399,1,0,0,0,1,0,0,1,0,0,1,0
84,MDG,1,1,0,1,0,1,0,1,0,5.7,5.7,5.7,5.26,1.6969281933402274,7.461701910251268,2.65395656099104,1.707852322124742,7.472626039035783,2.6843690486014258,1.7186318514862338,7.483405568397274,2.7020120105718237,1.7293242480965596,7.4940979650076,2.706477469705196,0,0,1,0,0,1,0,0,1,0,0,1
85,MWI,1,1,0,1,0,1,0,1,0,5.74,5.74,5.91,5.85,2.316369119455659,7.290788693307945,2.779962441637715,2.3276354057520443,7.30205497960433,2.7906000511714666,2.3387878612716095,7.313207435123895,2.7812308546779616,2.349955123206611,7.324374697058897,2.7798443145345466,0,0,1,0,0,1,0,0,1,0,0,1
86,MYS,1,1,0,1,0,1,0,1,0,7.19,7.24,7.3,7.29,2.0134644331204403,7.530065904646975,3.9981514607090576,2.0184697336734994,7.535071205200033,4.037550459074197,2.023671591380856,7.54027306290739,4.069967336291392,2.0290309098939927,7.545632381420527,4.056107348888442,0,1,0,0,1,0,0,1,0,0,1,0
87,MLI,1,1,0,1,0,1,0,1,0,3.93,3.48,3.23,2.58,1.2503090919356528,7.336736553370078,2.979203598943207,1.2636000577076292,7.3500275191420545,3.0116860654131488,1.2766698284414841,7.36309728987591,2.986647340605071,1.2895857696818411,7.376013231116267,3.01530208024218,0,0,1,0,0,1,0,0,1,0,0,1
88,MRT,1,1,0,1,0,1,0,1,0,3.92,4.03,4.03,4.14,0.6496379234110151,6.662770199457018,3.254249404990865,0.6621761504120204,6.675308426458024,3.289541949846231,0.6748990880936536,6.688031364139657,3.2923341488844313,0.6877825676271587,6.700914843673162,3.3265044623309783,0,0,1,0,0,1,0,0,1,0,0,1
89,MUS,1,1,0,1,0,1,0,1,0,8.14,8.08,8.14,8.14,2.8020604434086813,6.102438508279384,3.954775056545313,2.8021702026005055,6.102548267471208,3.9575581090334495,2.800861233747401,6.101239298618103,4.009611845237728,2.8003511420705727,6.100729206941275,4.048526733947022,0,1,0,0,1,0,0,1,0,0,1,0
90,MEX,1,0,0,0,1,0,0,0,1,6.07,5.57,5.25,5.14,1.8144309231291487,8.10311601345019,3.946514690413777,1.8173294278461358,8.106014518167177,4.013429260750703,1.8206001733699197,8.10928526369096,4.056986408657211,1.8243879965438052,8.113073086864846,4.140700656651094,1,0,0,0,1,0,1,0,0,1,0,0
91,MDA,1,1,0,1,0,1,0,1,0,5.78,6.1,6.23,6.23,1.9038094817346631,6.420802045313265,3.6410553690947336,1.8972088603707484,6.414272733853403,3.722190009799699,1.8859575992937754,6.402889408161788,3.759236824672634,1.8729518052580538,6.390543535969962,3.832482467610837,1,0,0,1,0,0,1,0,0,1,0,0
92,MNG,1,1,0,1,1,1,1,1,0,6.48,6.42,6.35,6.48,0.32964947718988463,6.522079429470631,3.602195896718101,0.3369671064410409,6.529397113653173,3.654909291737088,0.3433375757423222,6.535768419472166,3.6984063478865767,0.3490153663333238,6.541722113312544,3.766311034830396,1,0,0,1,0,0,1,0,0,0,0,1
93,MNE,1,0,0,0,1,0,1,0,0,5.77,6.02,6.45,6.67,1.6682611751835215,5.7969834595219485,3.8815346341772723,1.6671945596162876,5.795916843954714,3.972086553991634,1.6661775542525548,5.794899838590982,3.9995743760072564,1.666134372749732,5.794856657088159,4.081972540816507,1,0,0,1,0,0,1,0,0,1,0,0
94,MAR,1,0,0,0,0,0,0,0,0,5.04,5.04,5.04,5.04,1.9136667707261545,7.5632936575666845,3.5142860709711363,1.9180397621187564,7.567666648959285,3.578173300123649,1.9224202135939088,7.572047100434438,3.538497856364395,1.9268584939221578,7.576485380762687,3.5765079271043625,0,1,0,0,1,0,0,1,0,0,1,0
95,MOZ,1,1,0,1,0,1,1,1,0,3.51,3.51,3.51,3.51,1.5926881891477704,7.4883206487021505,2.665049641652506,1.6055336506213806,7.5011661101757605,2.707491680474872,1.6183337993769042,7.513966258931284,2.762116891000792,1.6311610383764916,7.526793497930872,2.7944780217445726,0,0,1,0,0,1,0,0,1,0,0,1
96,MMR,1,1,0,1,0,1,0,1,0,3.04,1.02,0.74,0.85,1.9097175828687432,7.7244112336620265,3.1732494654609473,1.91274269599518,7.727436346788464,3.094373757567593,1.915739652595675,7.730433303388958,3.063727329787093,1.918774847248796,7.73346849804208,3.0910323405462905,0,0,1,0,0,1,0,1,0,0,0,0
97,NAM,1,1,0,1,1,1,0,1,0,6.52,6.52,6.52,6.52,0.5204128182400528,6.435965658574208,3.5886738543583463,0.533238166465098,6.4487910067992535,3.6447177451055084,0.5452942065332725,6.460847046867428,3.6384691975707293,0.5561927353154488,6.471745575649605,3.6219657100442575,0,1,0,0,1,0,0,1,0,0,1,0
98,NPL,1,1,0,1,0,1,0,1,0,5.22,4.41,4.49,4.6,2.3054994351017473,7.461897132384251,3.0622867801750053,2.313056263827934,7.469453961110437,3.0978646774234377,2.3165844095481365,7.4729821068306395,3.1417352361013107,2.3162799869774617,7.472677684259965,3.1406119086068776,0,1,0,0,1,0,0,1,0,1,0,0
99,NLD,2,0,0,0,1,0,1,0,1,8.96,8.88,9.0,9.0,2.7143407159119852,7.241583832300074,4.7280933524578055,2.716614206302249,7.243857322690338,4.779177780311633,2.7207542440613532,7.247997360449442,4.771758802760276,2.7250543660838265,7.252297482471915,4.810044278151853,1,0,0,1,0,0,1,0,0,1,0,0
100,NZL,1,0,0,0,1,0,1,0,0,9.25,9.37,9.61,9.61,1.2862674935414415,6.706734846617695,4.62170501284268,1.2880640188828887,6.7085313719591415,4.696264610379871,1.2885565511000525,6.709023904176306,4.6880640371280595,1.2992781394533235,6.719745492529577,4.6871266220264935,1,0,0,1,0,0,1,0,0,1,0,0
101,NIC,1,1,0,1,0,1,0,1,0,3.6,2.69,2.5,2.26,1.7368423857631956,6.8172523929188324,3.287453941905714,1.7420680504386952,6.822478057594332,3.3300860790165663,1.7476472583746638,6.828057265530301,3.3660287452510143,1.7536043807678254,6.834014387923462,3.416548134348873,0,0,1,0,0,1,0,0,1,0,0,1
102,NER,1,1,0,1,0,1,0,1,0,3.29,3.22,3.73,2.37,1.2723972078577743,7.375070978406701,2.7630628048903665,1.2865302464525012,7.389204017001428,2.784419311630026,1.3006522280118107,7.403325998560737,2.785148352893697,1.3149617611020443,7.417635531650971,2.805049392786651,0,0,1,0,0,1,0,0,1,0,0,1
103,NGA,1,1,0,1,0,1,0,0,0,4.1,4.11,4.23,4.23,2.3709973060673235,8.330406022950005,3.305277632725473,2.380100929897047,8.339509646779728,3.3047650772606616,2.389189918085373,8.348598634968054,3.330286872790071,2.3983031064567477,8.357711823339429,3.203206178735919,0,0,1,0,0,1,0,1,0,1,0,0
104,MKD,1,1,0,1,1,1,0,1,0,5.89,6.03,6.1,6.03,1.866861904040653,6.268606986277716,3.8234479170859914,1.862391024550387,6.26413610678745,3.8820007334091535,1.8611121083594064,6.26285719059647,3.8811698833094628,1.8601873924174905,6.261932474654554,3.9357230496295457,1,0,0,1,0,0,1,0,0,1,0,0
105,NOR,2,0,0,0,0,0,1,0,1,9.81,9.75,9.81,9.81,1.1692986046996674,6.730739893560723,4.834675089507999,1.1716389743278084,6.7330623800716545,4.968823211091987,1.1755406551966028,6.736964060940449,5.038499037615085,1.180483728136742,6.741907133880588,4.941994795321931,1,0,0,1,0,0,1,0,0,1,0,0
106,OMN,2,1,0,1,0,1,0,1,0,3.0,3.0,3.12,3.12,1.1647176340864105,6.655378287442547,4.224917802466751,1.1625927786827162,6.653253432038853,4.287879180027131,1.1842212375313919,6.674881890887528,4.3659292236406495,1.212567855010897,6.703228508367034,4.321649852871771,0,0,1,0,0,1,0,0,1,0,0,1
107,PAK,1,1,1,1,1,1,1,1,0,4.31,4.31,4.13,3.25,2.4840843106570976,8.371071088975347,3.106665862421238,2.492278483273527,8.379265261591776,3.1629582660958797,2.499869939516549,8.386856717834798,3.187047480674367,2.5065963123693957,8.393583090687645,3.1351865050426184,0,1,0,0,1,0,0,1,0,1,0,0
108,PAN,1,1,0,1,0,1,0,1,0,7.18,6.85,6.91,6.91,1.7625004623320002,6.6327872913245915,4.123543307677282,1.767743430749127,6.6380302597417185,4.190606391107055,1.7732421384365336,6.643528967429125,4.238859607103581,1.7789271699776246,6.6492139989702155,4.271525759533861,0,1,0,0,1,0,0,0,1,1,0,0
109,PNG,1,1,0,1,1,1,1,1,0,6.1,6.1,5.97,6.03,1.3359593494940232,6.9919233117171515,3.3855368069929015,1.344595743120248,7.000559705343376,3.41623741131608,1.3527711179174065,7.008735080140535,3.4916823489680455,1.3606363283301692,7.016600290553297,3.4721811479897133,1,0,0,1,0,0,1,0,0,1,0,0
110,PRY,1,0,0,0,0,0,0,0,0,6.18,5.86,5.89,6.0,1.220671335225924,6.819789900281287,3.7296079495940337,1.2259297014980683,6.8250482665534316,3.776478300176186,1.2322681122556052,6.829976504480705,3.792785594790038,1.237610886315699,6.835319265380759,3.7993398783878773,1,0,0,0,1,0,1,0,0,1,0,0
111,PER,1,0,0,0,1,0,1,0,0,6.53,6.09,5.92,5.81,1.409174386296156,7.516384355944025,3.7876960153265626,1.4133506156883255,7.520560585336193,3.8341791710962636,1.4175162984779592,7.524726268125828,3.866324582995809,1.4222924659741485,7.529502435622017,3.8969416770600267,0,1,0,0,1,0,0,1,0,0,1,0
112,PHL,1,0,0,0,0,0,0,0,0,6.56,6.62,6.73,6.66,2.5750690747538076,8.049533020075092,3.508876894871532,2.579002307508901,8.053466252830185,3.542126252483901,2.582305026780077,8.056768972101361,3.5499920944737515,2.585822816420714,8.060286761741999,3.5802499545597986,0,1,0,0,1,0,0,1,0,0,1,0
113,POL,1,0,1,0,1,0,0,0,1,6.85,6.8,7.04,7.18,2.08830771847115,7.574213609963418,4.2081975106807015,2.082121885793312,7.567985215390646,4.270341256564057,2.080255271883642,7.5661044132556885,4.276259856926194,2.0784119199157245,7.5645163784508584,4.345280868057572,0,1,0,0,1,0,0,1,0,1,0,0
114,PRT,1,0,0,0,1,0,1,0,1,7.9,7.82,7.95,7.75,2.0507921054382914,7.012714129048932,4.348293263651409,2.053514481116569,7.01543650472721,4.392898247040661,2.056542627395048,7.018464651005688,4.391297213432951,2.0624886828252413,7.024410706435882,4.437533235353359,0,1,0,0,1,0,1,0,0,1,0,0
115,QAT,2,1,0,1,0,1,0,1,0,3.24,3.65,3.65,3.65,2.385929377342212,6.446249406030497,4.713351962042105,2.338472097840113,6.398792126528398,4.855833303599417,2.3641259521430174,6.424445980831303,4.947930784663462,2.3639132744398115,6.424233303128097,4.904152028353365,0,0,1,0,0,1,0,0,1,0,0,1
116,ROU,1,0,0,0,0,0,0,0,1,6.4,6.43,6.45,6.45,1.9228957804062108,7.284774649108999,4.116684125817347,1.9196557851469997,7.281534653849788,4.175708491188697,1.9179819591453746,7.279860827848164,4.191950490664241,1.9182321561138103,7.280111024816599,4.2649186688098455,1,0,0,0,1,0,1,0,0,1,0,0
117,RUS,2,0,0,0,0,0,0,0,0,3.31,3.24,2.28,2.22,0.947870731841931,8.162101633440875,4.004679289090973,0.9463779556968253,8.16060885729577,4.094297421425986,0.9448455775387425,8.159076479137687,4.193670304331802,0.9436068932372105,8.157837794836155,4.151044473248056,0,1,0,0,1,0,0,1,0,0,1,0
118,SAU,2,1,1,1,1,1,1,1,1,2.08,2.08,2.08,2.08,1.1666580768541395,7.4990339130505355,4.386299710308993,1.1559546174146962,7.488330453611092,4.504073295901006,1.1751457428959664,7.507521579092362,4.585576085600065,1.195289257855193,7.5276650940515895,4.558190567566655,0,0,1,0,0,1,0,0,1,0,0,1
119,SEN,1,1,0,1,0,1,0,1,0,5.67,5.53,5.72,5.48,1.9405320832921764,7.2250304941202215,3.164676137132829,1.951556601785363,7.236055012613408,3.203605791164178,1.9622734383771714,7.246771849205216,3.1970124828779314,1.97264171312884,7.257140123956885,3.2299463494614775,0,0,1,0,0,1,0,0,1,0,0,1
120,SRB,1,0,0,1,1,1,1,1,0,6.22,6.36,6.33,6.33,1.9140497241386314,6.83879407661858,3.908415824180316,1.9099513384920632,6.834695690972012,3.985899044588436,1.899019896370985,6.823764248850933,4.000996380820808,1.8963224023845766,6.821066754864526,4.089251619390102,1,0,0,1,0,0,1,0,0,1,0,0
121,SLE,1,1,0,1,0,1,1,1,0,4.86,4.97,5.03,4.32,2.039900028744278,6.898316906467766,2.927361591990722,2.049778622252488,6.908195499975976,2.947528285392972,2.0594459506404856,6.917862828363974,2.93488943864221,2.068979768063339,6.9273966457868275,2.8795824988272583,0,1,0,0,1,0,0,0,1,1,0,0
122,SGP,1,0,0,0,0,0,0,0,0,6.03,6.23,6.22,6.18,3.898667669596546,6.754792113838846,4.788239657934122,3.8805561291680766,6.736680573410377,4.903394585635654,3.8949252855326435,6.751049729774944,4.955683274910949,3.91602468417201,6.77214912841431,4.931520062622752,1,0,0,1,0,0,1,0,0,1,0,0
123,SVK,1,0,0,0,0,0,0,0,0,6.97,7.03,7.07,7.07,2.055134871959766,6.737099330954449,4.295247821882146,2.0542126093764757,6.736177068371159,4.345029458465194,2.0529754739474524,6.734939932942135,4.329084527138947,2.052574555643533,6.734539014638216,4.392231609781311,1,0,0,1,0,0,1,0,0,1,0,0
124,SVN,1,0,0,1,0,1,1,1,1,7.54,7.54,7.75,7.75,2.0187374430283116,6.322719272707441,4.404698023013484,2.019905052298379,6.323886881977509,4.465194954391125,2.020727711922595,6.324709541601725,4.45291808827673,2.022489439983179,6.326430289226498,4.513352276053648,1,0,0,1,0,0,1,0,0,1,0,0
125,ZAF,1,1,0,1,1,1,0,1,0,7.05,7.05,7.05,7.05,1.6983099183686179,7.782202941043441,3.7466811928758608,1.7050004743138194,7.788893496988643,3.835271888578139,1.7111412778997674,7.795034300574591,3.8144747401542483,1.7169091469998905,7.800802169674714,3.7797798764424533,1,0,0,1,0,0,1,0,0,1,0,0
126,ESP,1,0,0,0,0,0,0,0,1,8.12,7.94,8.07,8.07,1.9768216714808742,7.675406411722828,4.435110518516736,1.977441417506272,7.676179658694953,4.488543350264606,1.9805803661884227,7.679301605768037,4.481016276099207,1.9856706152447037,7.684377704994294,4.525161633367841,1,0,0,0,1,0,0,1,0,1,0,0
127,VCT,1,1,0,1,1,1,1,1,0,9.1,9.1,9.1,9.1,2.4239848271963047,5.015049434222804,3.9217490530911876,2.42110168393509,5.01216629096159,3.936578029401176,2.4177313788803265,5.008795985906826,3.9864832435764646,2.414643432996052,5.005708040022552,4.024582764455065,1,0,0,1,0,0,1,0,0,1,0,0
128,SUR,2,1,0,1,1,1,1,1,0,6.82,6.82,6.95,6.88,0.5814806890585479,5.786976317093258,3.677186342661543,0.5854197557483248,5.790915383783036,3.701554894328419,0.5891067282906722,5.794602356325383,3.78422052480475,0.5930762987173344,5.798571926752045,3.7398945121120595,1,0,0,0,1,0,0,1,0,1,0,0
129,SWE,2,0,0,0,1,0,1,0,1,9.26,9.26,9.39,9.39,1.4051916708940175,7.015084754923299,4.721429361458733,1.4078000067799175,7.017693090809199,4.78657375100196,1.4107557406217166,7.020648824650999,4.742701076749819,1.4128193916379252,7.0227018122461295,4.7448176460051945,1,0,0,1,0,0,1,0,0,1,0,0
130,CHE,1,0,0,0,0,0,0,0,0,8.83,8.9,9.14,9.14,2.339718633306124,6.936421595923265,4.93398196168921,2.3430431620795695,6.93974612469671,4.971576288034353,2.346647490043064,6.943350452660204,4.974946739525307,2.3521056275523393,6.94880859016948,5.002735252870592,1,0,0,1,0,0,1,0,0,1,0,0
131,TZA,1,1,0,1,0,1,0,1,0,5.1,5.1,5.1,5.35,1.837800449007223,7.785136124955963,3.048214607032553,1.8508342315905304,7.79816990753927,3.0644042859116998,1.8636479451549406,7.810983621103681,3.0820140921519563,1.8762533456866488,7.823589021635389,3.087955109388494,1,0,0,0,1,0,1,0,0,1,0,0
132,THA,2,1,0,1,1,1,1,1,0,6.04,6.04,6.67,6.35,2.146837171334993,7.855164573357005,3.8442064457017686,2.147357274913702,7.855684676935714,3.8486328899487408,2.1474056924315588,7.855733094453571,3.8394373699985564,2.1472065024478364,7.855533904469849,3.8570369133128435,0,1,0,0,1,0,0,1,0,0,1,0
133,TGO,1,1,0,1,0,1,0,1,0,2.8,2.8,2.99,2.99,2.2024860127765447,6.938005071591716,2.931243325184037,2.2128146214208564,6.948333680236027,2.972949189587373,2.223032306607666,6.958551365422837,2.953642843752007,2.2331663731921796,6.968685432007351,2.993743660630307,0,0,1,0,0,1,0,0,1,0,0,1
134,TTO,1,1,0,1,0,1,0,1,0,7.16,7.16,7.16,7.16,2.4255637734522555,6.135681138564072,4.186359018388978,2.425828389305565,6.135945754417381,4.247462148449877,2.425271333158134,6.13538869826995,4.31961351918792,2.4258131457100616,6.135930510821878,4.270428648693339,0,0,1,0,0,1,0,0,1,0,1,0
135,TUN,1,1,0,1,0,1,0,1,0,6.59,5.99,5.51,5.51,1.886902108618924,7.078241321182854,3.550063612467461,1.8895981669596094,7.080937379523539,3.5918366597876807,1.8921395419138474,7.083478754477777,3.569239049501644,1.8950359605383125,7.086375173102242,3.5966383617548408,0,0,1,0,0,1,0,0,1,0,1,0
136,TUR,1,0,0,0,0,0,0,0,0,4.48,4.35,4.35,4.33,2.0348042783750575,7.92108626643356,3.9364503549100043,2.0387582903476646,7.9250402784061675,3.9887021870333754,2.0430342940769735,7.929316282135477,4.028347710722404,2.0447992206039243,7.931081208662428,4.117458847178005,1,0,0,1,0,0,1,0,0,1,0,0
137,UGA,1,0,0,0,0,0,0,0,0,4.94,4.48,4.55,4.49,2.3457839416774298,7.6479416376184455,2.9272504606008596,2.3597583942499094,7.661916090190926,2.945858249856508,2.3728202111598593,7.6749779071008755,2.9836566434884655,2.384984071241062,7.687141767182078,3.0010016902875742,1,0,0,1,0,0,1,0,0,1,0,0
138,UKR,1,1,0,0,1,0,0,0,0,5.81,5.57,5.42,5.06,1.8871348096573368,7.65011330052508,3.5693469014072554,1.8834119024081069,7.6463903932758495,3.6790593896131076,1.850321615107913,7.6133001059756555,3.62321525882824,1.8137409571337764,7.576719448001519,3.710929163657677,0,0,0,0,1,0,1,0,0,1,0,0
139,ARE,2,1,0,1,0,1,0,1,0,2.7,2.9,2.9,3.01,2.121795140185619,6.973175808151216,4.570237839038777,2.129765008903501,6.981145676869098,4.637089484869559,2.1518633954049218,7.003244063370518,4.698092410554625,2.169136029485407,7.020516697451003,4.690556614138164,0,1,0,0,1,0,0,1,0,0,1,0
140,GBR,1,0,0,0,1,0,1,0,1,8.54,8.1,8.28,8.28,2.4407225051381616,7.824412230575765,4.606433028287993,2.4422813527626333,7.825971078200237,4.671417939129708,2.446282667642107,7.829972393079711,4.663352138356587,2.4519501225693747,7.835639848006979,4.691972254025759,1,0,0,1,0,0,1,0,0,1,0,0
141,USA,2,0,0,0,1,0,1,0,0,7.92,7.85,7.85,7.85,1.5592867209247712,8.520585340918839,4.808896032937814,1.5599699417509207,8.521268561744987,4.853134612077193,1.5624703684332888,8.523768988427356,4.891319482432318,1.5660814974650323,8.5273801174591,4.91542421637569,1,0,0,1,0,0,1,0,0,1,0,0
142,URY,1,1,0,1,0,1,0,1,0,8.61,8.85,8.91,8.66,1.288259396378407,6.531347075883783,4.197488296961084,1.2879688724386005,6.531056551943977,4.252411687858587,1.2872289678059967,6.5303166473113725,4.318451825672324,1.286866105102681,6.5299537846080575,4.362094417573166,0,1,0,0,1,0,0,1,0,0,1,0
143,UZB,1,0,0,0,1,0,1,0,0,2.12,2.12,2.12,2.12,1.8820693194259035,7.526163093884041,3.296287874240646,1.8904839017472899,7.534580632926206,3.353823871751321,1.8992141657857602,7.54330991139332,3.4113952446326232,1.907993863094483,7.552087637552622,3.4592369572941513,1,0,0,1,0,0,1,0,0,1,0,0
144,VEN,2,1,0,1,0,1,0,1,0,2.76,2.11,2.23,2.31,1.5084986413311499,7.453991845633743,3.1778576165260755,1.5053380534968792,7.4508312577994715,3.3021386072296126,1.5049563262480867,7.45044953055068,3.498989270485825,1.5063063365888913,7.451799540891484,3.5584155843227427,0,0,1,0,0,1,0,0,1,0,0,1
145,VNM,1,1,0,1,1,1,1,1,1,2.94,2.94,2.73,2.62,2.495437697875225,7.9915768749385645,3.548271403592064,2.4992112112339693,7.995350388297308,3.568693672235317,2.5024717060032704,7.998610883066609,3.617807103388296,2.5053876861887376,8.001526863252076,3.6358204277155877,0,1,0,0,1,0,0,1,0,1,0,0
146,ZMB,1,1,1,1,1,1,0,1,0,4.86,5.72,5.8,5.8,1.4088923960477941,7.280109110765492,2.978474658282202,1.4211192727648956,7.292335987482594,3.051985868428033,1.4331216540807936,7.304338368798492,3.1605054765068874,1.4452561354328175,7.316472850150515,3.12408923162611,0,1,0,1,0,0,1,0,0,1,0,0
147,ZWE,1,1,0,1,1,1,1,1,0,3.16,2.92,2.92,3.04,1.6035418191286746,7.1910844203222934,3.2381600365983476,1.6110377902799269,7.198580391473546,3.23663480834504,1.6184477630598977,7.205990364253516,3.309746514458222,1.6257312980704068,7.213273899264025,3.3336556240399897,1,0,0,1,0,0,1,0,0,1,0,0
